Date;Year;Month;Temp
1850-01-01;1850;01;0.714
1850-02-01;1850;02;3.051
1850-03-01;1850;03;4.764
1850-04-01;1850;04;7.17
1850-05-01;1850;05;9.932
1850-06-01;1850;06;12.864
1850-07-01;1850;07;14.257
1850-08-01;1850;08;13.819
1850-09-01;1850;09;11.299
1850-10-01;1850;10;7.897
1850-11-01;1850;11;4.607
1850-12-01;1850;12;2.499
1851-01-01;1851;01;2.499
1851-02-01;1851;02;2.471
1851-03-01;1851;03;4.066
1851-04-01;1851;04;7.222
1851-05-01;1851;05;10.938
1851-06-01;1851;06;13.043
1851-07-01;1851;07;14.221
1851-08-01;1851;08;13.452
1851-09-01;1851;09;11.484
1851-10-01;1851;10;8.947
1851-11-01;1851;11;4.828
1851-12-01;1851;12;3.113
1852-01-01;1852;01;2.305
1852-02-01;1852;02;2.336
1852-03-01;1852;03;3.588
1852-04-01;1852;04;7.381
1852-05-01;1852;05;11.068
1852-06-01;1852;06;12.835
1852-07-01;1852;07;14.094
1852-08-01;1852;08;12.939
1852-09-01;1852;09;11.302
1852-10-01;1852;10;8.8
1852-11-01;1852;11;4.512
1852-12-01;1852;12;3.778
1853-01-01;1853;01;1.735
1853-02-01;1853;02;2.079
1853-03-01;1853;03;3.924
1853-04-01;1853;04;7.564
1853-05-01;1853;05;10.845
1853-06-01;1853;06;13.13
1853-07-01;1853;07;14.435
1853-08-01;1853;08;13.781
1853-09-01;1853;09;11.424
1853-10-01;1853;10;8.458
1853-11-01;1853;11;4.621
1853-12-01;1853;12;2.936
1854-01-01;1854;01;1.181
1854-02-01;1854;02;1.804
1854-03-01;1854;03;4.725
1854-04-01;1854;04;7.623
1854-05-01;1854;05;10.951
1854-06-01;1854;06;12.511
1854-07-01;1854;07;14.342
1854-08-01;1854;08;13.607
1854-09-01;1854;09;11.41
1854-10-01;1854;10;9.766
1854-11-01;1854;11;5.736
1854-12-01;1854;12;3.537
1855-01-01;1855;01;2.699
1855-02-01;1855;02;2.986
1855-03-01;1855;03;4.607
1855-04-01;1855;04;8.596
1855-05-01;1855;05;11.191
1855-06-01;1855;06;12.799
1855-07-01;1855;07;13.571
1855-08-01;1855;08;13.317
1855-09-01;1855;09;11.054
1855-10-01;1855;10;8.419
1855-11-01;1855;11;5.127
1855-12-01;1855;12;2.029
1856-01-01;1856;01;2.758
1856-02-01;1856;02;2.174
1856-03-01;1856;03;4.336
1856-04-01;1856;04;7.835
1856-05-01;1856;05;10.611
1856-06-01;1856;06;13.357
1856-07-01;1856;07;14.101
1856-08-01;1856;08;12.897
1856-09-01;1856;09;10.79
1856-10-01;1856;10;7.995
1856-11-01;1856;11;5.203
1856-12-01;1856;12;3.312
1857-01-01;1857;01;1.785
1857-02-01;1857;02;2.213
1857-03-01;1857;03;4.357
1857-04-01;1857;04;6.794
1857-05-01;1857;05;9.781
1857-06-01;1857;06;12.417
1857-07-01;1857;07;13.674
1857-08-01;1857;08;13.113
1857-09-01;1857;09;11.087
1857-10-01;1857;10;8.175
1857-11-01;1857;11;5.233
1857-12-01;1857;12;3.56
1858-01-01;1858;01;2.553
1858-02-01;1858;02;2.156
1858-03-01;1858;03;4.802
1858-04-01;1858;04;8.271
1858-05-01;1858;05;10.869
1858-06-01;1858;06;13.145
1858-07-01;1858;07;13.755
1858-08-01;1858;08;13.219
1858-09-01;1858;09;11.138
1858-10-01;1858;10;8.753
1858-11-01;1858;11;5.911
1858-12-01;1858;12;2.477
1859-01-01;1859;01;1.972
1859-02-01;1859;02;2.606
1859-03-01;1859;03;4.882
1859-04-01;1859;04;8.652
1859-05-01;1859;05;11.503
1859-06-01;1859;06;13.278
1859-07-01;1859;07;13.894
1859-08-01;1859;08;13.258
1859-09-01;1859;09;11.091
1859-10-01;1859;10;8.912
1859-11-01;1859;11;5.864
1859-12-01;1859;12;3.302
1860-01-01;1860;01;1.807
1860-02-01;1860;02;2.447
1860-03-01;1860;03;3.363
1860-04-01;1860;04;7.857
1860-05-01;1860;05;11.036
1860-06-01;1860;06;13.213
1860-07-01;1860;07;14.109
1860-08-01;1860;08;13.784
1860-09-01;1860;09;11.742
1860-10-01;1860;10;8.625
1860-11-01;1860;11;4.904
1860-12-01;1860;12;1.556
1861-01-01;1861;01;0.432
1861-02-01;1861;02;2.16
1861-03-01;1861;03;4.404
1861-04-01;1861;04;7.53
1861-05-01;1861;05;10.464
1861-06-01;1861;06;12.897
1861-07-01;1861;07;13.938
1861-08-01;1861;08;13.722
1861-09-01;1861;09;11.3
1861-10-01;1861;10;8.252
1861-11-01;1861;11;5.781
1861-12-01;1861;12;2.898
1862-01-01;1862;01;0.48
1862-02-01;1862;02;1.543
1862-03-01;1862;03;4.201
1862-04-01;1862;04;7.139
1862-05-01;1862;05;10.839
1862-06-01;1862;06;12.766
1862-07-01;1862;07;13.828
1862-08-01;1862;08;13.04
1862-09-01;1862;09;10.984
1862-10-01;1862;10;8.16
1862-11-01;1862;11;4.755
1862-12-01;1862;12;1.582
1863-01-01;1863;01;2.959
1863-02-01;1863;02;3.371
1863-03-01;1863;03;4.642
1863-04-01;1863;04;8.09
1863-05-01;1863;05;11.194
1863-06-01;1863;06;12.954
1863-07-01;1863;07;13.708
1863-08-01;1863;08;13.088
1863-09-01;1863;09;10.969
1863-10-01;1863;10;8.036
1863-11-01;1863;11;5.391
1863-12-01;1863;12;2.701
1864-01-01;1864;01;1.483
1864-02-01;1864;02;2.549
1864-03-01;1864;03;4.616
1864-04-01;1864;04;7.555
1864-05-01;1864;05;11.092
1864-06-01;1864;06;13.283
1864-07-01;1864;07;14.066
1864-08-01;1864;08;13.315
1864-09-01;1864;09;11.286
1864-10-01;1864;10;8.629
1864-11-01;1864;11;5.088
1864-12-01;1864;12;2.179
1865-01-01;1865;01;2.911
1865-02-01;1865;02;2.122
1865-03-01;1865;03;3.987
1865-04-01;1865;04;7.413
1865-05-01;1865;05;10.883
1865-06-01;1865;06;12.988
1865-07-01;1865;07;14.076
1865-08-01;1865;08;13.547
1865-09-01;1865;09;11.73
1865-10-01;1865;10;9.081
1865-11-01;1865;11;6.155
1865-12-01;1865;12;2.695
1866-01-01;1866;01;2.914
1866-02-01;1866;02;2.143
1866-03-01;1866;03;4.286
1866-04-01;1866;04;7.78
1866-05-01;1866;05;10.813
1866-06-01;1866;06;12.676
1866-07-01;1866;07;14.47
1866-08-01;1866;08;13.345
1866-09-01;1866;09;11.545
1866-10-01;1866;10;8.532
1866-11-01;1866;11;5.959
1866-12-01;1866;12;4.024
1867-01-01;1867;01;2.394
1867-02-01;1867;02;2.466
1867-03-01;1867;03;4.375
1867-04-01;1867;04;8.112
1867-05-01;1867;05;10.464
1867-06-01;1867;06;13.211
1867-07-01;1867;07;14.163
1867-08-01;1867;08;13.54
1867-09-01;1867;09;11.792
1867-10-01;1867;10;9.205
1867-11-01;1867;11;6.933
1867-12-01;1867;12;3.685
1868-01-01;1868;01;1.697
1868-02-01;1868;02;1.679
1868-03-01;1868;03;4.399
1868-04-01;1868;04;8.023
1868-05-01;1868;05;11.105
1868-06-01;1868;06;13.125
1868-07-01;1868;07;14.402
1868-08-01;1868;08;13.652
1868-09-01;1868;09;11.402
1868-10-01;1868;10;9.262
1868-11-01;1868;11;5.037
1868-12-01;1868;12;3.17
1869-01-01;1869;01;2.16
1869-02-01;1869;02;3.712
1869-03-01;1869;03;3.982
1869-04-01;1869;04;7.871
1869-05-01;1869;05;11.189
1869-06-01;1869;06;13.385
1869-07-01;1869;07;14.266
1869-08-01;1869;08;13.834
1869-09-01;1869;09;12.248
1869-10-01;1869;10;8.883
1869-11-01;1869;11;5.701
1869-12-01;1869;12;2.703
1870-01-01;1870;01;1.922
1870-02-01;1870;02;1.916
1870-03-01;1870;03;4.418
1870-04-01;1870;04;7.772
1870-05-01;1870;05;11.131
1870-06-01;1870;06;13.594
1870-07-01;1870;07;14.424
1870-08-01;1870;08;13.374
1870-09-01;1870;09;11.879
1870-10-01;1870;10;8.716
1870-11-01;1870;11;5.499
1870-12-01;1870;12;2.155
1871-01-01;1871;01;1.243
1871-02-01;1871;02;1.565
1871-03-01;1871;03;4.633
1871-04-01;1871;04;8.314
1871-05-01;1871;05;10.734
1871-06-01;1871;06;13.006
1871-07-01;1871;07;14.169
1871-08-01;1871;08;13.788
1871-09-01;1871;09;11.513
1871-10-01;1871;10;8.986
1871-11-01;1871;11;4.85
1871-12-01;1871;12;2.844
1872-01-01;1872;01;1.61
1872-02-01;1872;02;2.301
1872-03-01;1872;03;4.716
1872-04-01;1872;04;7.731
1872-05-01;1872;05;11.085
1872-06-01;1872;06;12.96
1872-07-01;1872;07;14.172
1872-08-01;1872;08;13.738
1872-09-01;1872;09;11.782
1872-10-01;1872;10;9.015
1872-11-01;1872;11;5.142
1872-12-01;1872;12;2.418
1873-01-01;1873;01;1.851
1873-02-01;1873;02;3.066
1873-03-01;1873;03;4.701
1873-04-01;1873;04;7.363
1873-05-01;1873;05;10.903
1873-06-01;1873;06;13.278
1873-07-01;1873;07;14.149
1873-08-01;1873;08;13.674
1873-09-01;1873;09;11.428
1873-10-01;1873;10;9.086
1873-11-01;1873;11;5.607
1873-12-01;1873;12;3.553
1874-01-01;1874;01;2.57
1874-02-01;1874;02;3.055
1874-03-01;1874;03;4.076
1874-04-01;1874;04;8.1
1874-05-01;1874;05;11.431
1874-06-01;1874;06;13.203
1874-07-01;1874;07;13.998
1874-08-01;1874;08;13.702
1874-09-01;1874;09;12.056
1874-10-01;1874;10;9.093
1874-11-01;1874;11;5.636
1874-12-01;1874;12;3.301
1875-01-01;1875;01;1.558
1875-02-01;1875;02;2.405
1875-03-01;1875;03;4.232
1875-04-01;1875;04;7.519
1875-05-01;1875;05;10.733
1875-06-01;1875;06;13.104
1875-07-01;1875;07;14.073
1875-08-01;1875;08;13.304
1875-09-01;1875;09;11.225
1875-10-01;1875;10;8.613
1875-11-01;1875;11;4.614
1875-12-01;1875;12;2.752
1876-01-01;1876;01;2.0
1876-02-01;1876;02;2.722
1876-03-01;1876;03;4.812
1876-04-01;1876;04;8.227
1876-05-01;1876;05;10.648
1876-06-01;1876;06;13.087
1876-07-01;1876;07;14.206
1876-08-01;1876;08;13.397
1876-09-01;1876;09;11.635
1876-10-01;1876;10;8.947
1876-11-01;1876;11;5.095
1876-12-01;1876;12;2.159
1877-01-01;1877;01;2.271
1877-02-01;1877;02;2.894
1877-03-01;1877;03;5.325
1877-04-01;1877;04;7.978
1877-05-01;1877;05;11.107
1877-06-01;1877;06;13.238
1877-07-01;1877;07;14.565
1877-08-01;1877;08;14.094
1877-09-01;1877;09;12.077
1877-10-01;1877;10;9.257
1877-11-01;1877;11;6.279
1877-12-01;1877;12;2.844
1878-01-01;1878;01;1.979
1878-02-01;1878;02;3.839
1878-03-01;1878;03;6.691
1878-04-01;1878;04;8.903
1878-05-01;1878;05;11.0
1878-06-01;1878;06;13.76
1878-07-01;1878;07;14.724
1878-08-01;1878;08;14.102
1878-09-01;1878;09;12.068
1878-10-01;1878;10;9.162
1878-11-01;1878;11;6.453
1878-12-01;1878;12;3.389
1879-01-01;1879;01;2.324
1879-02-01;1879;02;2.704
1879-03-01;1879;03;5.057
1879-04-01;1879;04;7.768
1879-05-01;1879;05;10.847
1879-06-01;1879;06;13.14
1879-07-01;1879;07;14.113
1879-08-01;1879;08;13.225
1879-09-01;1879;09;11.443
1879-10-01;1879;10;9.327
1879-11-01;1879;11;5.461
1879-12-01;1879;12;2.457
1880-01-01;1880;01;1.871
1880-02-01;1880;02;1.856
1880-03-01;1880;03;4.366
1880-04-01;1880;04;7.387
1880-05-01;1880;05;10.947
1880-06-01;1880;06;13.053
1880-07-01;1880;07;14.03
1880-08-01;1880;08;13.548
1880-09-01;1880;09;11.369
1880-10-01;1880;10;8.654
1880-11-01;1880;11;5.78
1880-12-01;1880;12;3.213
1881-01-01;1881;01;2.436
1881-02-01;1881;02;2.604
1881-03-01;1881;03;5.027
1881-04-01;1881;04;8.326
1881-05-01;1881;05;11.096
1881-06-01;1881;06;12.639
1881-07-01;1881;07;14.09
1881-08-01;1881;08;13.702
1881-09-01;1881;09;11.69
1881-10-01;1881;10;8.82
1881-11-01;1881;11;5.296
1881-12-01;1881;12;3.278
1882-01-01;1882;01;3.14
1882-02-01;1882;02;3.27
1882-03-01;1882;03;4.963
1882-04-01;1882;04;7.641
1882-05-01;1882;05;10.881
1882-06-01;1882;06;12.814
1882-07-01;1882;07;13.669
1882-08-01;1882;08;13.569
1882-09-01;1882;09;11.774
1882-10-01;1882;10;8.52
1882-11-01;1882;11;5.054
1882-12-01;1882;12;2.33
1883-01-01;1883;01;1.612
1883-02-01;1883;02;1.961
1883-03-01;1883;03;5.059
1883-04-01;1883;04;7.743
1883-05-01;1883;05;10.834
1883-06-01;1883;06;13.286
1883-07-01;1883;07;13.944
1883-08-01;1883;08;13.194
1883-09-01;1883;09;11.378
1883-10-01;1883;10;8.958
1883-11-01;1883;11;5.006
1883-12-01;1883;12;3.365
1884-01-01;1884;01;2.285
1884-02-01;1884;02;2.647
1884-03-01;1884;03;3.994
1884-04-01;1884;04;7.209
1884-05-01;1884;05;10.167
1884-06-01;1884;06;12.518
1884-07-01;1884;07;13.607
1884-08-01;1884;08;13.275
1884-09-01;1884;09;11.248
1884-10-01;1884;10;8.577
1884-11-01;1884;11;5.192
1884-12-01;1884;12;3.133
1885-01-01;1885;01;1.206
1885-02-01;1885;02;2.359
1885-03-01;1885;03;4.823
1885-04-01;1885;04;7.528
1885-05-01;1885;05;10.542
1885-06-01;1885;06;12.716
1885-07-01;1885;07;14.035
1885-08-01;1885;08;13.292
1885-09-01;1885;09;11.392
1885-10-01;1885;10;8.749
1885-11-01;1885;11;5.433
1885-12-01;1885;12;3.801
1886-01-01;1886;01;1.531
1886-02-01;1886;02;1.838
1886-03-01;1886;03;4.307
1886-04-01;1886;04;8.014
1886-05-01;1886;05;10.748
1886-06-01;1886;06;12.803
1886-07-01;1886;07;14.189
1886-08-01;1886;08;13.224
1886-09-01;1886;09;11.523
1886-10-01;1886;10;8.557
1886-11-01;1886;11;5.271
1886-12-01;1886;12;3.692
1887-01-01;1887;01;0.919
1887-02-01;1887;02;2.159
1887-03-01;1887;03;4.591
1887-04-01;1887;04;7.826
1887-05-01;1887;05;10.813
1887-06-01;1887;06;12.778
1887-07-01;1887;07;14.021
1887-08-01;1887;08;13.034
1887-09-01;1887;09;11.697
1887-10-01;1887;10;8.731
1887-11-01;1887;11;5.648
1887-12-01;1887;12;2.974
1888-01-01;1888;01;1.946
1888-02-01;1888;02;2.177
1888-03-01;1888;03;4.439
1888-04-01;1888;04;7.848
1888-05-01;1888;05;10.66
1888-06-01;1888;06;12.861
1888-07-01;1888;07;14.197
1888-08-01;1888;08;13.484
1888-09-01;1888;09;11.72
1888-10-01;1888;10;9.184
1888-11-01;1888;11;5.841
1888-12-01;1888;12;3.381
1889-01-01;1889;01;1.916
1889-02-01;1889;02;3.59
1889-03-01;1889;03;5.372
1889-04-01;1889;04;8.624
1889-05-01;1889;05;11.179
1889-06-01;1889;06;13.279
1889-07-01;1889;07;14.212
1889-08-01;1889;08;13.426
1889-09-01;1889;09;11.526
1889-10-01;1889;10;8.748
1889-11-01;1889;11;5.039
1889-12-01;1889;12;3.164
1890-01-01;1890;01;1.894
1890-02-01;1890;02;2.496
1890-03-01;1890;03;4.256
1890-04-01;1890;04;7.821
1890-05-01;1890;05;10.409
1890-06-01;1890;06;12.777
1890-07-01;1890;07;13.948
1890-08-01;1890;08;13.219
1890-09-01;1890;09;11.536
1890-10-01;1890;10;9.14
1890-11-01;1890;11;4.97
1890-12-01;1890;12;2.984
1891-01-01;1891;01;1.716
1891-02-01;1891;02;1.902
1891-03-01;1891;03;4.809
1891-04-01;1891;04;7.663
1891-05-01;1891;05;10.78
1891-06-01;1891;06;12.82
1891-07-01;1891;07;13.915
1891-08-01;1891;08;13.453
1891-09-01;1891;09;11.695
1891-10-01;1891;10;8.663
1891-11-01;1891;11;5.131
1891-12-01;1891;12;3.689
1892-01-01;1892;01;2.032
1892-02-01;1892;02;2.808
1892-03-01;1892;03;4.354
1892-04-01;1892;04;7.624
1892-05-01;1892;05;10.694
1892-06-01;1892;06;13.244
1892-07-01;1892;07;13.878
1892-08-01;1892;08;13.376
1892-09-01;1892;09;11.646
1892-10-01;1892;10;9.207
1892-11-01;1892;11;4.887
1892-12-01;1892;12;2.945
1893-01-01;1893;01;0.571
1893-02-01;1893;02;1.708
1893-03-01;1893;03;5.01
1893-04-01;1893;04;7.998
1893-05-01;1893;05;10.751
1893-06-01;1893;06;13.062
1893-07-01;1893;07;14.287
1893-08-01;1893;08;13.436
1893-09-01;1893;09;11.743
1893-10-01;1893;10;9.09
1893-11-01;1893;11;5.839
1893-12-01;1893;12;3.137
1894-01-01;1894;01;1.768
1894-02-01;1894;02;2.914
1894-03-01;1894;03;5.105
1894-04-01;1894;04;7.703
1894-05-01;1894;05;11.0
1894-06-01;1894;06;12.846
1894-07-01;1894;07;14.069
1894-08-01;1894;08;13.537
1894-09-01;1894;09;11.584
1894-10-01;1894;10;9.123
1894-11-01;1894;11;5.482
1894-12-01;1894;12;3.243
1895-01-01;1895;01;1.422
1895-02-01;1895;02;2.133
1895-03-01;1895;03;4.706
1895-04-01;1895;04;8.24
1895-05-01;1895;05;10.955
1895-06-01;1895;06;13.08
1895-07-01;1895;07;14.15
1895-08-01;1895;08;13.519
1895-09-01;1895;09;11.763
1895-10-01;1895;10;9.122
1895-11-01;1895;11;5.841
1895-12-01;1895;12;3.485
1896-01-01;1896;01;2.378
1896-02-01;1896;02;2.798
1896-03-01;1896;03;4.297
1896-04-01;1896;04;7.457
1896-05-01;1896;05;10.908
1896-06-01;1896;06;13.299
1896-07-01;1896;07;14.221
1896-08-01;1896;08;13.669
1896-09-01;1896;09;11.823
1896-10-01;1896;10;9.434
1896-11-01;1896;11;5.345
1896-12-01;1896;12;3.344
1897-01-01;1897;01;1.994
1897-02-01;1897;02;2.533
1897-03-01;1897;03;4.384
1897-04-01;1897;04;8.325
1897-05-01;1897;05;11.419
1897-06-01;1897;06;13.271
1897-07-01;1897;07;14.248
1897-08-01;1897;08;13.632
1897-09-01;1897;09;11.928
1897-10-01;1897;10;9.241
1897-11-01;1897;11;5.718
1897-12-01;1897;12;3.29
1898-01-01;1898;01;2.862
1898-02-01;1898;02;2.451
1898-03-01;1898;03;3.813
1898-04-01;1898;04;7.907
1898-05-01;1898;05;10.848
1898-06-01;1898;06;13.377
1898-07-01;1898;07;14.06
1898-08-01;1898;08;13.54
1898-09-01;1898;09;11.72
1898-10-01;1898;10;8.778
1898-11-01;1898;11;5.469
1898-12-01;1898;12;3.497
1899-01-01;1899;01;2.663
1899-02-01;1899;02;2.458
1899-03-01;1899;03;4.681
1899-04-01;1899;04;8.378
1899-05-01;1899;05;11.109
1899-06-01;1899;06;12.971
1899-07-01;1899;07;14.188
1899-08-01;1899;08;13.737
1899-09-01;1899;09;12.114
1899-10-01;1899;10;9.358
1899-11-01;1899;11;6.586
1899-12-01;1899;12;3.082
1900-01-01;1900;01;1.62
1900-02-01;1900;02;3.174
1900-03-01;1900;03;5.545
1900-04-01;1900;04;8.256
1900-05-01;1900;05;11.49
1900-06-01;1900;06;13.364
1900-07-01;1900;07;14.187
1900-08-01;1900;08;13.782
1900-09-01;1900;09;11.972
1900-10-01;1900;10;9.687
1900-11-01;1900;11;5.806
1900-12-01;1900;12;3.748
1901-01-01;1901;01;2.24
1901-02-01;1901;02;3.196
1901-03-01;1901;03;5.665
1901-04-01;1901;04;8.601
1901-05-01;1901;05;11.216
1901-06-01;1901;06;13.412
1901-07-01;1901;07;14.33
1901-08-01;1901;08;13.825
1901-09-01;1901;09;11.945
1901-10-01;1901;10;9.013
1901-11-01;1901;11;5.968
1901-12-01;1901;12;3.443
1902-01-01;1902;01;2.705
1902-02-01;1902;02;3.647
1902-03-01;1902;03;4.912
1902-04-01;1902;04;8.018
1902-05-01;1902;05;10.929
1902-06-01;1902;06;13.241
1902-07-01;1902;07;14.202
1902-08-01;1902;08;13.551
1902-09-01;1902;09;11.723
1902-10-01;1902;10;8.774
1902-11-01;1902;11;5.264
1902-12-01;1902;12;2.78
1903-01-01;1903;01;2.554
1903-02-01;1903;02;3.541
1903-03-01;1903;03;5.0
1903-04-01;1903;04;7.908
1903-05-01;1903;05;10.829
1903-06-01;1903;06;12.862
1903-07-01;1903;07;13.964
1903-08-01;1903;08;13.39
1903-09-01;1903;09;11.422
1903-10-01;1903;10;8.799
1903-11-01;1903;11;5.565
1903-12-01;1903;12;2.972
1904-01-01;1904;01;1.792
1904-02-01;1904;02;2.373
1904-03-01;1904;03;4.575
1904-04-01;1904;04;7.742
1904-05-01;1904;05;10.871
1904-06-01;1904;06;12.963
1904-07-01;1904;07;13.768
1904-08-01;1904;08;13.42
1904-09-01;1904;09;11.332
1904-10-01;1904;10;8.744
1904-11-01;1904;11;6.217
1904-12-01;1904;12;3.386
1905-01-01;1905;01;2.344
1905-02-01;1905;02;2.024
1905-03-01;1905;03;4.768
1905-04-01;1905;04;7.824
1905-05-01;1905;05;11.023
1905-06-01;1905;06;13.132
1905-07-01;1905;07;14.074
1905-08-01;1905;08;13.571
1905-09-01;1905;09;11.722
1905-10-01;1905;10;8.969
1905-11-01;1905;11;6.15
1905-12-01;1905;12;3.443
1906-01-01;1906;01;2.129
1906-02-01;1906;02;2.426
1906-03-01;1906;03;4.988
1906-04-01;1906;04;8.677
1906-05-01;1906;05;11.264
1906-06-01;1906;06;13.337
1906-07-01;1906;07;14.112
1906-08-01;1906;08;13.677
1906-09-01;1906;09;11.724
1906-10-01;1906;10;9.24
1906-11-01;1906;11;5.539
1906-12-01;1906;12;3.808
1907-01-01;1907;01;1.879
1907-02-01;1907;02;2.241
1907-03-01;1907;03;4.684
1907-04-01;1907;04;7.702
1907-05-01;1907;05;10.418
1907-06-01;1907;06;12.72
1907-07-01;1907;07;13.757
1907-08-01;1907;08;13.359
1907-09-01;1907;09;11.659
1907-10-01;1907;10;9.222
1907-11-01;1907;11;5.258
1907-12-01;1907;12;3.054
1908-01-01;1908;01;2.347
1908-02-01;1908;02;2.933
1908-03-01;1908;03;4.261
1908-04-01;1908;04;7.915
1908-05-01;1908;05;11.164
1908-06-01;1908;06;13.259
1908-07-01;1908;07;14.175
1908-08-01;1908;08;13.385
1908-09-01;1908;09;11.938
1908-10-01;1908;10;8.854
1908-11-01;1908;11;5.275
1908-12-01;1908;12;3.12
1909-01-01;1909;01;1.426
1909-02-01;1909;02;2.755
1909-03-01;1909;03;4.685
1909-04-01;1909;04;7.638
1909-05-01;1909;05;10.651
1909-06-01;1909;06;12.952
1909-07-01;1909;07;14.047
1909-08-01;1909;08;13.741
1909-09-01;1909;09;11.868
1909-10-01;1909;10;9.15
1909-11-01;1909;11;6.257
1909-12-01;1909;12;3.309
1910-01-01;1910;01;2.463
1910-02-01;1910;02;2.871
1910-03-01;1910;03;4.721
1910-04-01;1910;04;8.179
1910-05-01;1910;05;11.012
1910-06-01;1910;06;13.095
1910-07-01;1910;07;14.239
1910-08-01;1910;08;13.675
1910-09-01;1910;09;11.708
1910-10-01;1910;10;8.977
1910-11-01;1910;11;5.331
1910-12-01;1910;12;2.734
1911-01-01;1911;01;1.693
1911-02-01;1911;02;2.501
1911-03-01;1911;03;4.455
1911-04-01;1911;04;8.057
1911-05-01;1911;05;10.82
1911-06-01;1911;06;13.041
1911-07-01;1911;07;14.028
1911-08-01;1911;08;13.448
1911-09-01;1911;09;11.584
1911-10-01;1911;10;9.222
1911-11-01;1911;11;5.952
1911-12-01;1911;12;3.473
1912-01-01;1912;01;2.441
1912-02-01;1912;02;3.309
1912-03-01;1912;03;4.393
1912-04-01;1912;04;8.298
1912-05-01;1912;05;11.269
1912-06-01;1912;06;13.448
1912-07-01;1912;07;13.711
1912-08-01;1912;08;13.074
1912-09-01;1912;09;11.177
1912-10-01;1912;10;8.309
1912-11-01;1912;11;5.552
1912-12-01;1912;12;3.108
1913-01-01;1913;01;2.122
1913-02-01;1913;02;2.406
1913-03-01;1913;03;4.58
1913-04-01;1913;04;8.056
1913-05-01;1913;05;10.746
1913-06-01;1913;06;12.98
1913-07-01;1913;07;14.121
1913-08-01;1913;08;13.694
1913-09-01;1913;09;11.721
1913-10-01;1913;10;9.038
1913-11-01;1913;11;6.06
1913-12-01;1913;12;4.167
1914-01-01;1914;01;3.427
1914-02-01;1914;02;3.282
1914-03-01;1914;03;5.01
1914-04-01;1914;04;8.119
1914-05-01;1914;05;11.328
1914-06-01;1914;06;13.476
1914-07-01;1914;07;14.275
1914-08-01;1914;08;13.699
1914-09-01;1914;09;11.889
1914-10-01;1914;10;9.401
1914-11-01;1914;11;5.807
1914-12-01;1914;12;3.677
1915-01-01;1915;01;2.339
1915-02-01;1915;02;3.315
1915-03-01;1915;03;5.188
1915-04-01;1915;04;8.726
1915-05-01;1915;05;11.473
1915-06-01;1915;06;13.259
1915-07-01;1915;07;14.354
1915-08-01;1915;08;13.704
1915-09-01;1915;09;11.775
1915-10-01;1915;10;8.941
1915-11-01;1915;11;6.205
1915-12-01;1915;12;3.619
1916-01-01;1916;01;2.633
1916-02-01;1916;02;3.029
1916-03-01;1916;03;4.899
1916-04-01;1916;04;8.098
1916-05-01;1916;05;10.968
1916-06-01;1916;06;12.871
1916-07-01;1916;07;13.998
1916-08-01;1916;08;13.536
1916-09-01;1916;09;11.668
1916-10-01;1916;10;9.002
1916-11-01;1916;11;5.612
1916-12-01;1916;12;2.383
1917-01-01;1917;01;2.167
1917-02-01;1917;02;2.352
1917-03-01;1917;03;4.478
1917-04-01;1917;04;7.85
1917-05-01;1917;05;10.42
1917-06-01;1917;06;12.816
1917-07-01;1917;07;14.181
1917-08-01;1917;08;13.42
1917-09-01;1917;09;11.669
1917-10-01;1917;10;8.52
1917-11-01;1917;11;5.832
1917-12-01;1917;12;2.314
1918-01-01;1918;01;1.962
1918-02-01;1918;02;2.511
1918-03-01;1918;03;4.889
1918-04-01;1918;04;7.656
1918-05-01;1918;05;10.487
1918-06-01;1918;06;12.897
1918-07-01;1918;07;13.949
1918-08-01;1918;08;13.371
1918-09-01;1918;09;11.831
1918-10-01;1918;10;9.384
1918-11-01;1918;11;5.711
1918-12-01;1918;12;2.871
1919-01-01;1919;01;2.228
1919-02-01;1919;02;2.874
1919-03-01;1919;03;4.779
1919-04-01;1919;04;8.499
1919-05-01;1919;05;10.965
1919-06-01;1919;06;13.191
1919-07-01;1919;07;14.237
1919-08-01;1919;08;13.727
1919-09-01;1919;09;11.914
1919-10-01;1919;10;9.315
1919-11-01;1919;11;5.509
1919-12-01;1919;12;3.258
1920-01-01;1920;01;2.893
1920-02-01;1920;02;2.759
1920-03-01;1920;03;5.284
1920-04-01;1920;04;8.327
1920-05-01;1920;05;11.111
1920-06-01;1920;06;13.051
1920-07-01;1920;07;14.196
1920-08-01;1920;08;13.598
1920-09-01;1920;09;11.724
1920-10-01;1920;10;8.985
1920-11-01;1920;11;5.563
1920-12-01;1920;12;2.679
1921-01-01;1921;01;3.009
1921-02-01;1921;02;3.159
1921-03-01;1921;03;5.079
1921-04-01;1921;04;8.322
1921-05-01;1921;05;11.186
1921-06-01;1921;06;13.397
1921-07-01;1921;07;14.357
1921-08-01;1921;08;13.458
1921-09-01;1921;09;11.809
1921-10-01;1921;10;9.237
1921-11-01;1921;11;5.85
1921-12-01;1921;12;3.691
1922-01-01;1922;01;2.168
1922-02-01;1922;02;2.396
1922-03-01;1922;03;5.177
1922-04-01;1922;04;8.393
1922-05-01;1922;05;11.048
1922-06-01;1922;06;13.268
1922-07-01;1922;07;14.182
1922-08-01;1922;08;13.469
1922-09-01;1922;09;11.665
1922-10-01;1922;10;9.004
1922-11-01;1922;11;6.037
1922-12-01;1922;12;3.687
1923-01-01;1923;01;2.54
1923-02-01;1923;02;2.574
1923-03-01;1923;03;4.878
1923-04-01;1923;04;7.76
1923-05-01;1923;05;10.825
1923-06-01;1923;06;13.189
1923-07-01;1923;07;13.887
1923-08-01;1923;08;13.503
1923-09-01;1923;09;11.785
1923-10-01;1923;10;9.432
1923-11-01;1923;11;6.354
1923-12-01;1923;12;3.911
1924-01-01;1924;01;2.335
1924-02-01;1924;02;2.91
1924-03-01;1924;03;5.356
1924-04-01;1924;04;7.95
1924-05-01;1924;05;11.127
1924-06-01;1924;06;13.244
1924-07-01;1924;07;14.212
1924-08-01;1924;08;13.545
1924-09-01;1924;09;11.844
1924-10-01;1924;10;9.132
1924-11-01;1924;11;6.372
1924-12-01;1924;12;3.478
1925-01-01;1925;01;2.297
1925-02-01;1925;02;2.689
1925-03-01;1925;03;5.074
1925-04-01;1925;04;8.39
1925-05-01;1925;05;10.971
1925-06-01;1925;06;12.99
1925-07-01;1925;07;13.961
1925-08-01;1925;08;13.678
1925-09-01;1925;09;11.88
1925-10-01;1925;10;9.104
1925-11-01;1925;11;6.319
1925-12-01;1925;12;4.355
1926-01-01;1926;01;3.459
1926-02-01;1926;02;3.694
1926-03-01;1926;03;5.794
1926-04-01;1926;04;8.171
1926-05-01;1926;05;10.854
1926-06-01;1926;06;13.143
1926-07-01;1926;07;14.061
1926-08-01;1926;08;13.759
1926-09-01;1926;09;11.972
1926-10-01;1926;10;9.467
1926-11-01;1926;11;6.239
1926-12-01;1926;12;3.308
1927-01-01;1927;01;2.289
1927-02-01;1927;02;2.957
1927-03-01;1927;03;4.62
1927-04-01;1927;04;8.014
1927-05-01;1927;05;11.076
1927-06-01;1927;06;13.144
1927-07-01;1927;07;14.195
1927-08-01;1927;08;13.581
1927-09-01;1927;09;12.134
1927-10-01;1927;10;9.805
1927-11-01;1927;11;6.267
1927-12-01;1927;12;3.175
1928-01-01;1928;01;2.956
1928-02-01;1928;02;3.322
1928-03-01;1928;03;4.958
1928-04-01;1928;04;8.181
1928-05-01;1928;05;11.065
1928-06-01;1928;06;12.97
1928-07-01;1928;07;14.179
1928-08-01;1928;08;13.591
1928-09-01;1928;09;11.91
1928-10-01;1928;10;9.373
1928-11-01;1928;11;6.26
1928-12-01;1928;12;3.814
1929-01-01;1929;01;1.981
1929-02-01;1929;02;2.101
1929-03-01;1929;03;5.058
1929-04-01;1929;04;8.0
1929-05-01;1929;05;10.797
1929-06-01;1929;06;12.788
1929-07-01;1929;07;13.811
1929-08-01;1929;08;13.533
1929-09-01;1929;09;11.709
1929-10-01;1929;10;9.342
1929-11-01;1929;11;6.061
1929-12-01;1929;12;2.475
1930-01-01;1930;01;2.304
1930-02-01;1930;02;3.066
1930-03-01;1930;03;5.48
1930-04-01;1930;04;8.066
1930-05-01;1930;05;10.944
1930-06-01;1930;06;13.202
1930-07-01;1930;07;14.324
1930-08-01;1930;08;13.804
1930-09-01;1930;09;11.747
1930-10-01;1930;10;9.152
1930-11-01;1930;11;6.485
1930-12-01;1930;12;3.739
1931-01-01;1931;01;2.645
1931-02-01;1931;02;2.667
1931-03-01;1931;03;5.203
1931-04-01;1931;04;8.067
1931-05-01;1931;05;10.879
1931-06-01;1931;06;13.433
1931-07-01;1931;07;14.466
1931-08-01;1931;08;13.996
1931-09-01;1931;09;12.18
1931-10-01;1931;10;9.847
1931-11-01;1931;11;6.172
1931-12-01;1931;12;3.954
1932-01-01;1932;01;3.543
1932-02-01;1932;02;2.927
1932-03-01;1932;03;4.884
1932-04-01;1932;04;8.684
1932-05-01;1932;05;11.129
1932-06-01;1932;06;13.243
1932-07-01;1932;07;14.27
1932-08-01;1932;08;13.634
1932-09-01;1932;09;12.187
1932-10-01;1932;10;9.586
1932-11-01;1932;11;5.807
1932-12-01;1932;12;3.436
1933-01-01;1933;01;2.099
1933-02-01;1933;02;2.591
1933-03-01;1933;03;4.803
1933-04-01;1933;04;8.026
1933-05-01;1933;05;10.938
1933-06-01;1933;06;12.992
1933-07-01;1933;07;14.149
1933-08-01;1933;08;13.686
1933-09-01;1933;09;11.757
1933-10-01;1933;10;9.144
1933-11-01;1933;11;5.805
1933-12-01;1933;12;3.064
1934-01-01;1934;01;2.376
1934-02-01;1934;02;3.636
1934-03-01;1934;03;4.707
1934-04-01;1934;04;7.903
1934-05-01;1934;05;11.387
1934-06-01;1934;06;13.282
1934-07-01;1934;07;14.253
1934-08-01;1934;08;13.664
1934-09-01;1934;09;11.65
1934-10-01;1934;10;9.319
1934-11-01;1934;11;6.287
1934-12-01;1934;12;3.881
1935-01-01;1935;01;2.086
1935-02-01;1935;02;4.029
1935-03-01;1935;03;5.31
1935-04-01;1935;04;7.653
1935-05-01;1935;05;10.771
1935-06-01;1935;06;13.159
1935-07-01;1935;07;14.208
1935-08-01;1935;08;13.671
1935-09-01;1935;09;11.881
1935-10-01;1935;10;9.379
1935-11-01;1935;11;5.356
1935-12-01;1935;12;3.329
1936-01-01;1936;01;2.137
1936-02-01;1936;02;2.415
1936-03-01;1936;03;4.938
1936-04-01;1936;04;8.018
1936-05-01;1936;05;11.126
1936-06-01;1936;06;13.221
1936-07-01;1936;07;14.516
1936-08-01;1936;08;13.743
1936-09-01;1936;09;11.904
1936-10-01;1936;10;9.358
1936-11-01;1936;11;6.117
1936-12-01;1936;12;3.825
1937-01-01;1937;01;2.367
1937-02-01;1937;02;3.471
1937-03-01;1937;03;4.786
1937-04-01;1937;04;8.038
1937-05-01;1937;05;11.292
1937-06-01;1937;06;13.472
1937-07-01;1937;07;14.279
1937-08-01;1937;08;13.905
1937-09-01;1937;09;12.291
1937-10-01;1937;10;9.612
1937-11-01;1937;11;6.258
1937-12-01;1937;12;3.387
1938-01-01;1938;01;2.813
1938-02-01;1938;02;3.345
1938-03-01;1938;03;5.594
1938-04-01;1938;04;8.818
1938-05-01;1938;05;11.376
1938-06-01;1938;06;13.193
1938-07-01;1938;07;14.366
1938-08-01;1938;08;13.877
1938-09-01;1938;09;12.325
1938-10-01;1938;10;9.685
1938-11-01;1938;11;6.455
1938-12-01;1938;12;3.441
1939-01-01;1939;01;2.869
1939-02-01;1939;02;3.186
1939-03-01;1939;03;4.876
1939-04-01;1939;04;8.247
1939-05-01;1939;05;11.428
1939-06-01;1939;06;13.433
1939-07-01;1939;07;14.323
1939-08-01;1939;08;13.848
1939-09-01;1939;09;11.872
1939-10-01;1939;10;9.142
1939-11-01;1939;11;6.098
1939-12-01;1939;12;4.876
1940-01-01;1940;01;2.261
1940-02-01;1940;02;3.33
1940-03-01;1940;03;5.321
1940-04-01;1940;04;8.627
1940-05-01;1940;05;11.222
1940-06-01;1940;06;13.471
1940-07-01;1940;07;14.521
1940-08-01;1940;08;13.769
1940-09-01;1940;09;12.194
1940-10-01;1940;10;9.382
1940-11-01;1940;11;6.0
1940-12-01;1940;12;4.052
1941-01-01;1941;01;2.664
1941-02-01;1941;02;3.549
1941-03-01;1941;03;5.126
1941-04-01;1941;04;8.449
1941-05-01;1941;05;11.388
1941-06-01;1941;06;13.515
1941-07-01;1941;07;14.594
1941-08-01;1941;08;13.948
1941-09-01;1941;09;11.732
1941-10-01;1941;10;9.613
1941-11-01;1941;11;5.863
1941-12-01;1941;12;3.604
1942-01-01;1942;01;3.023
1942-02-01;1942;02;2.789
1942-03-01;1942;03;5.212
1942-04-01;1942;04;8.337
1942-05-01;1942;05;11.228
1942-06-01;1942;06;13.458
1942-07-01;1942;07;14.138
1942-08-01;1942;08;13.698
1942-09-01;1942;09;12.057
1942-10-01;1942;10;9.546
1942-11-01;1942;11;6.312
1942-12-01;1942;12;3.849
1943-01-01;1943;01;2.312
1943-02-01;1943;02;3.459
1943-03-01;1943;03;5.05
1943-04-01;1943;04;8.572
1943-05-01;1943;05;11.383
1943-06-01;1943;06;13.049
1943-07-01;1943;07;14.365
1943-08-01;1943;08;13.7
1943-09-01;1943;09;12.0
1943-10-01;1943;10;9.821
1943-11-01;1943;11;6.167
1943-12-01;1943;12;4.166
1944-01-01;1944;01;3.454
1944-02-01;1944;02;3.494
1944-03-01;1944;03;5.448
1944-04-01;1944;04;8.342
1944-05-01;1944;05;11.26
1944-06-01;1944;06;13.36
1944-07-01;1944;07;14.377
1944-08-01;1944;08;13.957
1944-09-01;1944;09;12.357
1944-10-01;1944;10;9.714
1944-11-01;1944;11;6.003
1944-12-01;1944;12;3.377
1945-01-01;1945;01;2.458
1945-02-01;1945;02;2.579
1945-03-01;1945;03;5.112
1945-04-01;1945;04;8.583
1945-05-01;1945;05;10.99
1945-06-01;1945;06;13.214
1945-07-01;1945;07;14.119
1945-08-01;1945;08;14.206
1945-09-01;1945;09;12.117
1945-10-01;1945;10;9.489
1945-11-01;1945;11;5.989
1945-12-01;1945;12;3.083
1946-01-01;1946;01;2.919
1946-02-01;1946;02;3.387
1946-03-01;1946;03;5.15
1946-04-01;1946;04;8.741
1946-05-01;1946;05;11.265
1946-06-01;1946;06;13.187
1946-07-01;1946;07;14.307
1946-08-01;1946;08;13.735
1946-09-01;1946;09;11.976
1946-10-01;1946;10;9.205
1946-11-01;1946;11;6.169
1946-12-01;1946;12;3.11
1947-01-01;1947;01;2.549
1947-02-01;1947;02;3.219
1947-03-01;1947;03;5.709
1947-04-01;1947;04;8.595
1947-05-01;1947;05;11.237
1947-06-01;1947;06;13.326
1947-07-01;1947;07;14.258
1947-08-01;1947;08;13.75
1947-09-01;1947;09;12.081
1947-10-01;1947;10;9.931
1947-11-01;1947;11;6.351
1947-12-01;1947;12;3.587
1948-01-01;1948;01;3.294
1948-02-01;1948;02;3.136
1948-03-01;1948;03;4.842
1948-04-01;1948;04;8.399
1948-05-01;1948;05;11.422
1948-06-01;1948;06;13.541
1948-07-01;1948;07;14.333
1948-08-01;1948;08;13.792
1948-09-01;1948;09;12.053
1948-10-01;1948;10;9.496
1948-11-01;1948;11;6.125
1948-12-01;1948;12;3.438
1949-01-01;1949;01;3.164
1949-02-01;1949;02;2.677
1949-03-01;1949;03;4.966
1949-04-01;1949;04;8.243
1949-05-01;1949;05;11.203
1949-06-01;1949;06;13.092
1949-07-01;1949;07;14.102
1949-08-01;1949;08;13.731
1949-09-01;1949;09;11.847
1949-10-01;1949;10;9.444
1949-11-01;1949;11;6.066
1949-12-01;1949;12;3.406
1950-01-01;1950;01;1.945
1950-02-01;1950;02;2.654
1950-03-01;1950;03;5.164
1950-04-01;1950;04;8.027
1950-05-01;1950;05;11.185
1950-06-01;1950;06;13.262
1950-07-01;1950;07;14.062
1950-08-01;1950;08;13.38
1950-09-01;1950;09;11.879
1950-10-01;1950;10;9.087
1950-11-01;1950;11;5.339
1950-12-01;1950;12;3.493
1951-01-01;1951;01;2.094
1951-02-01;1951;02;2.287
1951-03-01;1951;03;5.018
1951-04-01;1951;04;8.291
1951-05-01;1951;05;11.374
1951-06-01;1951;06;13.132
1951-07-01;1951;07;14.2
1951-08-01;1951;08;13.945
1951-09-01;1951;09;12.238
1951-10-01;1951;10;9.609
1951-11-01;1951;11;6.172
1951-12-01;1951;12;4.265
1952-01-01;1952;01;2.983
1952-02-01;1952;02;3.317
1952-03-01;1952;03;4.884
1952-04-01;1952;04;8.399
1952-05-01;1952;05;11.249
1952-06-01;1952;06;13.36
1952-07-01;1952;07;14.475
1952-08-01;1952;08;13.908
1952-09-01;1952;09;12.185
1952-10-01;1952;10;9.083
1952-11-01;1952;11;5.379
1952-12-01;1952;12;3.62
1953-01-01;1953;01;2.902
1953-02-01;1953;02;3.559
1953-03-01;1953;03;5.645
1953-04-01;1953;04;8.807
1953-05-01;1953;05;11.415
1953-06-01;1953;06;13.515
1953-07-01;1953;07;14.307
1953-08-01;1953;08;13.994
1953-09-01;1953;09;12.134
1953-10-01;1953;10;9.525
1953-11-01;1953;11;5.868
1953-12-01;1953;12;3.946
1954-01-01;1954;01;1.993
1954-02-01;1954;02;3.014
1954-03-01;1954;03;5.049
1954-04-01;1954;04;8.106
1954-05-01;1954;05;10.922
1954-06-01;1954;06;13.308
1954-07-01;1954;07;14.161
1954-08-01;1954;08;13.796
1954-09-01;1954;09;12.04
1954-10-01;1954;10;9.506
1954-11-01;1954;11;6.556
1954-12-01;1954;12;3.533
1955-01-01;1955;01;3.357
1955-02-01;1955;02;3.096
1955-03-01;1955;03;4.514
1955-04-01;1955;04;8.032
1955-05-01;1955;05;11.08
1955-06-01;1955;06;13.436
1955-07-01;1955;07;14.167
1955-08-01;1955;08;14.221
1955-09-01;1955;09;11.871
1955-10-01;1955;10;9.655
1955-11-01;1955;11;5.926
1955-12-01;1955;12;3.262
1956-01-01;1956;01;2.444
1956-02-01;1956;02;2.736
1956-03-01;1956;03;4.838
1956-04-01;1956;04;7.841
1956-05-01;1956;05;10.606
1956-06-01;1956;06;13.091
1956-07-01;1956;07;14.099
1956-08-01;1956;08;13.126
1956-09-01;1956;09;11.703
1956-10-01;1956;10;8.868
1956-11-01;1956;11;5.703
1956-12-01;1956;12;3.538
1957-01-01;1957;01;2.407
1957-02-01;1957;02;3.041
1957-03-01;1957;03;4.943
1957-04-01;1957;04;8.179
1957-05-01;1957;05;11.114
1957-06-01;1957;06;13.567
1957-07-01;1957;07;14.003
1957-08-01;1957;08;13.88
1957-09-01;1957;09;12.131
1957-10-01;1957;10;9.328
1957-11-01;1957;11;6.315
1957-12-01;1957;12;4.267
1958-01-01;1958;01;3.503
1958-02-01;1958;02;3.613
1958-03-01;1958;03;5.382
1958-04-01;1958;04;8.442
1958-05-01;1958;05;11.421
1958-06-01;1958;06;13.05
1958-07-01;1958;07;14.317
1958-08-01;1958;08;13.494
1958-09-01;1958;09;11.762
1958-10-01;1958;10;9.304
1958-11-01;1958;11;6.217
1958-12-01;1958;12;3.776
1959-01-01;1959;01;2.933
1959-02-01;1959;02;3.299
1959-03-01;1959;03;5.824
1959-04-01;1959;04;8.767
1959-05-01;1959;05;11.273
1959-06-01;1959;06;13.491
1959-07-01;1959;07;14.382
1959-08-01;1959;08;13.82
1959-09-01;1959;09;11.883
1959-10-01;1959;10;9.106
1959-11-01;1959;11;5.709
1959-12-01;1959;12;3.73
1960-01-01;1960;01;2.674
1960-02-01;1960;02;3.752
1960-03-01;1960;03;4.227
1960-04-01;1960;04;8.017
1960-05-01;1960;05;10.787
1960-06-01;1960;06;13.331
1960-07-01;1960;07;14.11
1960-08-01;1960;08;13.771
1960-09-01;1960;09;12.035
1960-10-01;1960;10;9.418
1960-11-01;1960;11;5.78
1960-12-01;1960;12;4.221
1961-01-01;1961;01;2.897
1961-02-01;1961;02;3.649
1961-03-01;1961;03;5.495
1961-04-01;1961;04;8.558
1961-05-01;1961;05;11.53
1961-06-01;1961;06;13.579
1961-07-01;1961;07;14.221
1961-08-01;1961;08;13.802
1961-09-01;1961;09;12.164
1961-10-01;1961;10;9.25
1961-11-01;1961;11;6.149
1961-12-01;1961;12;3.436
1962-01-01;1962;01;2.951
1962-02-01;1962;02;3.617
1962-03-01;1962;03;5.487
1962-04-01;1962;04;8.463
1962-05-01;1962;05;11.037
1962-06-01;1962;06;13.339
1962-07-01;1962;07;14.131
1962-08-01;1962;08;13.639
1962-09-01;1962;09;11.919
1962-10-01;1962;10;9.367
1962-11-01;1962;11;6.197
1962-12-01;1962;12;3.87
1963-01-01;1963;01;2.852
1963-02-01;1963;02;3.987
1963-03-01;1963;03;5.06
1963-04-01;1963;04;8.103
1963-05-01;1963;05;10.962
1963-06-01;1963;06;13.294
1963-07-01;1963;07;14.428
1963-08-01;1963;08;14.257
1963-09-01;1963;09;12.496
1963-10-01;1963;10;9.853
1963-11-01;1963;11;6.457
1963-12-01;1963;12;3.679
1964-01-01;1964;01;2.765
1964-02-01;1964;02;2.998
1964-03-01;1964;03;4.789
1964-04-01;1964;04;7.806
1964-05-01;1964;05;10.832
1964-06-01;1964;06;13.395
1964-07-01;1964;07;14.249
1964-08-01;1964;08;13.595
1964-09-01;1964;09;11.517
1964-10-01;1964;10;8.722
1964-11-01;1964;11;5.897
1964-12-01;1964;12;3.366
1965-01-01;1965;01;2.8
1965-02-01;1965;02;2.977
1965-03-01;1965;03;5.128
1965-04-01;1965;04;7.911
1965-05-01;1965;05;11.119
1965-06-01;1965;06;13.217
1965-07-01;1965;07;13.996
1965-08-01;1965;08;13.754
1965-09-01;1965;09;11.638
1965-10-01;1965;10;9.435
1965-11-01;1965;11;5.798
1965-12-01;1965;12;3.714
1966-01-01;1966;01;2.432
1966-02-01;1966;02;3.244
1966-03-01;1966;03;5.502
1966-04-01;1966;04;8.102
1966-05-01;1966;05;11.138
1966-06-01;1966;06;13.441
1966-07-01;1966;07;14.544
1966-08-01;1966;08;13.707
1966-09-01;1966;09;12.089
1966-10-01;1966;10;9.048
1966-11-01;1966;11;5.916
1966-12-01;1966;12;3.329
1967-01-01;1967;01;2.672
1967-02-01;1967;02;2.892
1967-03-01;1967;03;5.395
1967-04-01;1967;04;8.358
1967-05-01;1967;05;11.567
1967-06-01;1967;06;13.099
1967-07-01;1967;07;14.309
1967-08-01;1967;08;13.683
1967-09-01;1967;09;12.023
1967-10-01;1967;10;9.739
1967-11-01;1967;11;6.12
1967-12-01;1967;12;3.865
1968-01-01;1968;01;2.303
1968-02-01;1968;02;3.185
1968-03-01;1968;03;6.085
1968-04-01;1968;04;8.394
1968-05-01;1968;05;10.931
1968-06-01;1968;06;13.149
1968-07-01;1968;07;13.885
1968-08-01;1968;08;13.447
1968-09-01;1968;09;11.513
1968-10-01;1968;10;9.388
1968-11-01;1968;11;5.839
1968-12-01;1968;12;3.188
1969-01-01;1969;01;1.915
1969-02-01;1969;02;2.387
1969-03-01;1969;03;5.016
1969-04-01;1969;04;8.51
1969-05-01;1969;05;11.301
1969-06-01;1969;06;13.384
1969-07-01;1969;07;14.149
1969-08-01;1969;08;13.782
1969-09-01;1969;09;11.96
1969-10-01;1969;10;9.419
1969-11-01;1969;11;6.362
1969-12-01;1969;12;4.144
1970-01-01;1970;01;2.779
1970-02-01;1970;02;3.726
1970-03-01;1970;03;5.263
1970-04-01;1970;04;8.531
1970-05-01;1970;05;11.143
1970-06-01;1970;06;13.423
1970-07-01;1970;07;14.354
1970-08-01;1970;08;13.625
1970-09-01;1970;09;12.228
1970-10-01;1970;10;9.331
1970-11-01;1970;11;5.992
1970-12-01;1970;12;3.446
1971-01-01;1971;01;2.922
1971-02-01;1971;02;2.829
1971-03-01;1971;03;4.983
1971-04-01;1971;04;8.261
1971-05-01;1971;05;11.138
1971-06-01;1971;06;13.027
1971-07-01;1971;07;14.1
1971-08-01;1971;08;13.844
1971-09-01;1971;09;12.082
1971-10-01;1971;10;9.325
1971-11-01;1971;11;6.247
1971-12-01;1971;12;3.813
1972-01-01;1972;01;1.832
1972-02-01;1972;02;2.529
1972-03-01;1972;03;5.195
1972-04-01;1972;04;8.278
1972-05-01;1972;05;11.1
1972-06-01;1972;06;13.41
1972-07-01;1972;07;14.191
1972-08-01;1972;08;14.148
1972-09-01;1972;09;11.868
1972-10-01;1972;10;9.274
1972-11-01;1972;11;5.749
1972-12-01;1972;12;3.741
1973-01-01;1973;01;3.01
1973-02-01;1973;02;3.831
1973-03-01;1973;03;5.831
1973-04-01;1973;04;8.914
1973-05-01;1973;05;11.716
1973-06-01;1973;06;13.76
1973-07-01;1973;07;14.407
1973-08-01;1973;08;13.86
1973-09-01;1973;09;12.105
1973-10-01;1973;10;9.558
1973-11-01;1973;11;6.204
1973-12-01;1973;12;3.821
1974-01-01;1974;01;2.252
1974-02-01;1974;02;2.546
1974-03-01;1974;03;5.159
1974-04-01;1974;04;8.302
1974-05-01;1974;05;11.126
1974-06-01;1974;06;13.331
1974-07-01;1974;07;14.261
1974-08-01;1974;08;13.998
1974-09-01;1974;09;11.717
1974-10-01;1974;10;9.079
1974-11-01;1974;11;5.845
1974-12-01;1974;12;3.51
1975-01-01;1975;01;3.032
1975-02-01;1975;02;3.396
1975-03-01;1975;03;5.701
1975-04-01;1975;04;8.557
1975-05-01;1975;05;11.696
1975-06-01;1975;06;13.489
1975-07-01;1975;07;14.312
1975-08-01;1975;08;13.457
1975-09-01;1975;09;12.101
1975-10-01;1975;10;9.287
1975-11-01;1975;11;5.88
1975-12-01;1975;12;3.653
1976-01-01;1976;01;2.869
1976-02-01;1976;02;3.042
1976-03-01;1976;03;4.507
1976-04-01;1976;04;8.241
1976-05-01;1976;05;10.884
1976-06-01;1976;06;13.022
1976-07-01;1976;07;14.157
1976-08-01;1976;08;13.494
1976-09-01;1976;09;11.87
1976-10-01;1976;10;8.493
1976-11-01;1976;11;5.658
1976-12-01;1976;12;3.673
1977-01-01;1977;01;2.499
1977-02-01;1977;02;3.492
1977-03-01;1977;03;5.721
1977-04-01;1977;04;8.806
1977-05-01;1977;05;11.735
1977-06-01;1977;06;13.841
1977-07-01;1977;07;14.626
1977-08-01;1977;08;14.098
1977-09-01;1977;09;11.856
1977-10-01;1977;10;9.155
1977-11-01;1977;11;6.532
1977-12-01;1977;12;3.767
1978-01-01;1978;01;2.728
1978-02-01;1978;02;3.471
1978-03-01;1978;03;5.616
1978-04-01;1978;04;8.767
1978-05-01;1978;05;11.337
1978-06-01;1978;06;13.152
1978-07-01;1978;07;14.342
1978-08-01;1978;08;13.28
1978-09-01;1978;09;12.016
1978-10-01;1978;10;9.316
1978-11-01;1978;11;6.353
1978-12-01;1978;12;3.76
1979-01-01;1979;01;2.676
1979-02-01;1979;02;2.838
1979-03-01;1979;03;5.432
1979-04-01;1979;04;8.428
1979-05-01;1979;05;11.093
1979-06-01;1979;06;13.363
1979-07-01;1979;07;14.046
1979-08-01;1979;08;13.818
1979-09-01;1979;09;12.218
1979-10-01;1979;10;9.543
1979-11-01;1979;11;6.274
1979-12-01;1979;12;4.574
1980-01-01;1980;01;2.952
1980-02-01;1980;02;3.669
1980-03-01;1980;03;5.342
1980-04-01;1980;04;8.875
1980-05-01;1980;05;11.731
1980-06-01;1980;06;13.519
1980-07-01;1980;07;14.711
1980-08-01;1980;08;14.163
1980-09-01;1980;09;12.294
1980-10-01;1980;10;9.515
1980-11-01;1980;11;6.683
1980-12-01;1980;12;4.016
1981-01-01;1981;01;3.813
1981-02-01;1981;02;4.037
1981-03-01;1981;03;6.189
1981-04-01;1981;04;8.871
1981-05-01;1981;05;11.475
1981-06-01;1981;06;13.708
1981-07-01;1981;07;14.693
1981-08-01;1981;08;14.516
1981-09-01;1981;09;12.177
1981-10-01;1981;10;9.34
1981-11-01;1981;11;6.245
1981-12-01;1981;12;4.536
1982-01-01;1982;01;2.558
1982-02-01;1982;02;3.306
1982-03-01;1982;03;4.885
1982-04-01;1982;04;8.441
1982-05-01;1982;05;11.315
1982-06-01;1982;06;13.231
1982-07-01;1982;07;14.524
1982-08-01;1982;08;13.776
1982-09-01;1982;09;12.016
1982-10-01;1982;10;9.211
1982-11-01;1982;11;5.984
1982-12-01;1982;12;4.359
1983-01-01;1983;01;3.452
1983-02-01;1983;02;3.84
1983-03-01;1983;03;5.678
1983-04-01;1983;04;8.677
1983-05-01;1983;05;11.69
1983-06-01;1983;06;13.43
1983-07-01;1983;07;14.376
1983-08-01;1983;08;14.28
1983-09-01;1983;09;12.682
1983-10-01;1983;10;9.471
1983-11-01;1983;11;6.764
1983-12-01;1983;12;3.858
1984-01-01;1984;01;2.945
1984-02-01;1984;02;3.092
1984-03-01;1984;03;5.669
1984-04-01;1984;04;8.393
1984-05-01;1984;05;11.964
1984-06-01;1984;06;13.314
1984-07-01;1984;07;14.386
1984-08-01;1984;08;13.913
1984-09-01;1984;09;12.004
1984-10-01;1984;10;9.36
1984-11-01;1984;11;5.826
1984-12-01;1984;12;3.167
1985-01-01;1985;01;3.035
1985-02-01;1985;02;2.69
1985-03-01;1985;03;5.434
1985-04-01;1985;04;8.594
1985-05-01;1985;05;11.401
1985-06-01;1985;06;13.55
1985-07-01;1985;07;13.944
1985-08-01;1985;08;14.029
1985-09-01;1985;09;11.92
1985-10-01;1985;10;9.34
1985-11-01;1985;11;5.983
1985-12-01;1985;12;3.831
1986-01-01;1986;01;3.332
1986-02-01;1986;02;4.011
1986-03-01;1986;03;5.796
1986-04-01;1986;04;8.837
1986-05-01;1986;05;11.572
1986-06-01;1986;06;13.37
1986-07-01;1986;07;14.263
1986-08-01;1986;08;13.96
1986-09-01;1986;09;11.833
1986-10-01;1986;10;9.332
1986-11-01;1986;11;5.952
1986-12-01;1986;12;3.8
1987-01-01;1987;01;3.162
1987-02-01;1987;02;4.164
1987-03-01;1987;03;5.286
1987-04-01;1987;04;8.565
1987-05-01;1987;05;11.494
1987-06-01;1987;06;13.881
1987-07-01;1987;07;14.852
1987-08-01;1987;08;13.89
1987-09-01;1987;09;12.455
1987-10-01;1987;10;9.618
1987-11-01;1987;11;6.057
1987-12-01;1987;12;4.508
1988-01-01;1988;01;3.489
1988-02-01;1988;02;3.446
1988-03-01;1988;03;5.932
1988-04-01;1988;04;8.988
1988-05-01;1988;05;11.834
1988-06-01;1988;06;14.049
1988-07-01;1988;07;14.738
1988-08-01;1988;08;14.512
1988-09-01;1988;09;12.706
1988-10-01;1988;10;9.98
1988-11-01;1988;11;6.303
1988-12-01;1988;12;4.388
1989-01-01;1989;01;2.724
1989-02-01;1989;02;3.639
1989-03-01;1989;03;5.766
1989-04-01;1989;04;8.687
1989-05-01;1989;05;11.249
1989-06-01;1989;06;13.422
1989-07-01;1989;07;14.6
1989-08-01;1989;08;14.137
1989-09-01;1989;09;12.396
1989-10-01;1989;10;9.758
1989-11-01;1989;11;6.202
1989-12-01;1989;12;4.479
1990-01-01;1990;01;3.267
1990-02-01;1990;02;3.703
1990-03-01;1990;03;6.739
1990-04-01;1990;04;9.157
1990-05-01;1990;05;11.816
1990-06-01;1990;06;13.851
1990-07-01;1990;07;14.749
1990-08-01;1990;08;14.084
1990-09-01;1990;09;12.205
1990-10-01;1990;10;9.844
1990-11-01;1990;11;6.891
1990-12-01;1990;12;4.421
1991-01-01;1991;01;3.266
1991-02-01;1991;02;4.096
1991-03-01;1991;03;5.575
1991-04-01;1991;04;9.25
1991-05-01;1991;05;11.593
1991-06-01;1991;06;14.245
1991-07-01;1991;07;14.973
1991-08-01;1991;08;14.296
1991-09-01;1991;09;12.652
1991-10-01;1991;10;9.758
1991-11-01;1991;11;6.432
1991-12-01;1991;12;4.103
1992-01-01;1992;01;3.599
1992-02-01;1992;02;3.891
1992-03-01;1992;03;5.917
1992-04-01;1992;04;8.554
1992-05-01;1992;05;11.52
1992-06-01;1992;06;13.551
1992-07-01;1992;07;14.115
1992-08-01;1992;08;13.747
1992-09-01;1992;09;11.627
1992-10-01;1992;10;9.361
1992-11-01;1992;11;5.873
1992-12-01;1992;12;4.085
1993-01-01;1993;01;3.284
1993-02-01;1993;02;3.809
1993-03-01;1993;03;5.916
1993-04-01;1993;04;8.666
1993-05-01;1993;05;11.449
1993-06-01;1993;06;13.501
1993-07-01;1993;07;14.541
1993-08-01;1993;08;13.813
1993-09-01;1993;09;11.94
1993-10-01;1993;10;9.618
1993-11-01;1993;11;5.739
1993-12-01;1993;12;4.064
1994-01-01;1994;01;3.056
1994-02-01;1994;02;2.84
1994-03-01;1994;03;5.743
1994-04-01;1994;04;9.007
1994-05-01;1994;05;11.658
1994-06-01;1994;06;14.106
1994-07-01;1994;07;14.657
1994-08-01;1994;08;13.943
1994-09-01;1994;09;12.501
1994-10-01;1994;10;9.993
1994-11-01;1994;11;6.81
1994-12-01;1994;12;4.118
1995-01-01;1995;01;3.58
1995-02-01;1995;02;4.683
1995-03-01;1995;03;5.956
1995-04-01;1995;04;8.979
1995-05-01;1995;05;11.554
1995-06-01;1995;06;14.101
1995-07-01;1995;07;15.07
1995-08-01;1995;08;14.611
1995-09-01;1995;09;12.556
1995-10-01;1995;10;10.082
1995-11-01;1995;11;6.772
1995-12-01;1995;12;4.128
1996-01-01;1996;01;2.9
1996-02-01;1996;02;3.994
1996-03-01;1996;03;5.549
1996-04-01;1996;04;8.661
1996-05-01;1996;05;11.551
1996-06-01;1996;06;13.628
1996-07-01;1996;07;14.8
1996-08-01;1996;08;14.568
1996-09-01;1996;09;12.309
1996-10-01;1996;10;9.498
1996-11-01;1996;11;6.525
1996-12-01;1996;12;4.33
1997-01-01;1997;01;3.172
1997-02-01;1997;02;3.781
1997-03-01;1997;03;5.944
1997-04-01;1997;04;8.839
1997-05-01;1997;05;11.548
1997-06-01;1997;06;14.094
1997-07-01;1997;07;14.484
1997-08-01;1997;08;14.204
1997-09-01;1997;09;12.642
1997-10-01;1997;10;10.098
1997-11-01;1997;11;6.861
1997-12-01;1997;12;4.439
1998-01-01;1998;01;3.39
1998-02-01;1998;02;4.851
1998-03-01;1998;03;5.994
1998-04-01;1998;04;9.34
1998-05-01;1998;05;12.246
1998-06-01;1998;06;14.492
1998-07-01;1998;07;15.301
1998-08-01;1998;08;14.86
1998-09-01;1998;09;12.645
1998-10-01;1998;10;9.936
1998-11-01;1998;11;6.418
1998-12-01;1998;12;4.71
1999-01-01;1999;01;3.593
1999-02-01;1999;02;4.682
1999-03-01;1999;03;5.521
1999-04-01;1999;04;8.763
1999-05-01;1999;05;11.646
1999-06-01;1999;06;14.006
1999-07-01;1999;07;14.805
1999-08-01;1999;08;14.325
1999-09-01;1999;09;12.702
1999-10-01;1999;10;9.967
1999-11-01;1999;11;6.615
1999-12-01;1999;12;4.572
2000-01-01;2000;01;2.972
2000-02-01;2000;02;4.199
2000-03-01;2000;03;6.191
2000-04-01;2000;04;9.526
2000-05-01;2000;05;11.836
2000-06-01;2000;06;14.012
2000-07-01;2000;07;14.817
2000-08-01;2000;08;14.51
2000-09-01;2000;09;12.546
2000-10-01;2000;10;9.442
2000-11-01;2000;11;6.275
2000-12-01;2000;12;3.871
2001-01-01;2001;01;3.367
2001-02-01;2001;02;3.734
2001-03-01;2001;03;6.224
2001-04-01;2001;04;9.195
2001-05-01;2001;05;12.24
2001-06-01;2001;06;14.046
2001-07-01;2001;07;15.106
2001-08-01;2001;08;14.395
2001-09-01;2001;09;12.698
2001-10-01;2001;10;9.86
2001-11-01;2001;11;7.293
2001-12-01;2001;12;4.506
2002-01-01;2002;01;4.044
2002-02-01;2002;02;4.696
2002-03-01;2002;03;6.756
2002-04-01;2002;04;9.181
2002-05-01;2002;05;12.213
2002-06-01;2002;06;14.036
2002-07-01;2002;07;15.309
2002-08-01;2002;08;14.534
2002-09-01;2002;09;12.963
2002-10-01;2002;10;9.955
2002-11-01;2002;11;6.908
2002-12-01;2002;12;4.069
2003-01-01;2003;01;4.008
2003-02-01;2003;02;4.104
2003-03-01;2003;03;6.041
2003-04-01;2003;04;9.124
2003-05-01;2003;05;12.11
2003-06-01;2003;06;13.969
2003-07-01;2003;07;14.955
2003-08-01;2003;08;14.637
2003-09-01;2003;09;12.875
2003-10-01;2003;10;10.377
2003-11-01;2003;11;6.684
2003-12-01;2003;12;5.145
2004-01-01;2004;01;3.564
2004-02-01;2004;02;4.49
2004-03-01;2004;03;6.329
2004-04-01;2004;04;9.223
2004-05-01;2004;05;11.498
2004-06-01;2004;06;13.857
2004-07-01;2004;07;14.263
2004-08-01;2004;08;14.168
2004-09-01;2004;09;12.595
2004-10-01;2004;10;10.15
2004-11-01;2004;11;7.326
2004-12-01;2004;12;4.268
2005-01-01;2005;01;3.82
2005-02-01;2005;02;3.941
2005-03-01;2005;03;6.551
2005-04-01;2005;04;9.546
2005-05-01;2005;05;12.19
2005-06-01;2005;06;14.432
2005-07-01;2005;07;15.154
2005-08-01;2005;08;14.503
2005-09-01;2005;09;13.235
2005-10-01;2005;10;10.648
2005-11-01;2005;11;7.441
2005-12-01;2005;12;4.878
2006-01-01;2006;01;3.305
2006-02-01;2006;02;4.429
2006-03-01;2006;03;6.312
2006-04-01;2006;04;9.02
2006-05-01;2006;05;11.731
2006-06-01;2006;06;14.428
2006-07-01;2006;07;14.968
2006-08-01;2006;08;14.887
2006-09-01;2006;09;12.898
2006-10-01;2006;10;10.332
2006-11-01;2006;11;6.946
2006-12-01;2006;12;5.026
2007-01-01;2007;01;4.616
2007-02-01;2007;02;4.241
2007-03-01;2007;03;6.391
2007-04-01;2007;04;9.76
2007-05-01;2007;05;12.491
2007-06-01;2007;06;14.312
2007-07-01;2007;07;15.207
2007-08-01;2007;08;14.734
2007-09-01;2007;09;12.949
2007-10-01;2007;10;10.318
2007-11-01;2007;11;7.095
2007-12-01;2007;12;4.537
2008-01-01;2008;01;2.909
2008-02-01;2008;02;3.632
2008-03-01;2008;03;6.878
2008-04-01;2008;04;9.268
2008-05-01;2008;05;11.998
2008-06-01;2008;06;14.105
2008-07-01;2008;07;15.136
2008-08-01;2008;08;14.327
2008-09-01;2008;09;12.808
2008-10-01;2008;10;10.452
2008-11-01;2008;11;7.252
2008-12-01;2008;12;4.419
2009-01-01;2009;01;3.72
2009-02-01;2009;02;4.126
2009-03-01;2009;03;6.104
2009-04-01;2009;04;9.304
2009-05-01;2009;05;12.127
2009-06-01;2009;06;14.231
2009-07-01;2009;07;15.268
2009-08-01;2009;08;14.691
2009-09-01;2009;09;13.176
2009-10-01;2009;10;10.137
2009-11-01;2009;11;7.069
2009-12-01;2009;12;4.327
2010-01-01;2010;01;3.729
2010-02-01;2010;02;4.397
2010-03-01;2010;03;6.719
2010-04-01;2010;04;9.665
2010-05-01;2010;05;12.402
2010-06-01;2010;06;14.36
2010-07-01;2010;07;15.157
2010-08-01;2010;08;14.763
2010-09-01;2010;09;12.914
2010-10-01;2010;10;10.46
2010-11-01;2010;11;7.503
2010-12-01;2010;12;4.288
2011-01-01;2011;01;3.326
2011-02-01;2011;02;3.726
2011-03-01;2011;03;6.084
2011-04-01;2011;04;9.453
2011-05-01;2011;05;11.938
2011-06-01;2011;06;14.345
2011-07-01;2011;07;15.491
2011-08-01;2011;08;15.066
2011-09-01;2011;09;12.915
2011-10-01;2011;10;10.39
2011-11-01;2011;11;6.807
2011-12-01;2011;12;4.656
2012-01-01;2012;01;3.171
2012-02-01;2012;02;3.591
2012-03-01;2012;03;5.992
2012-04-01;2012;04;9.618
2012-05-01;2012;05;12.543
2012-06-01;2012;06;14.43
2012-07-01;2012;07;15.07
2012-08-01;2012;08;14.695
2012-09-01;2012;09;12.997
2012-10-01;2012;10;10.392
2012-11-01;2012;11;7.121
2012-12-01;2012;12;4.068
2013-01-01;2013;01;3.724
2013-02-01;2013;02;4.179
2013-03-01;2013;03;6.21
2013-04-01;2013;04;9.004
2013-05-01;2013;05;12.16
2013-06-01;2013;06;14.515
2013-07-01;2013;07;14.974
2013-08-01;2013;08;14.773
2013-09-01;2013;09;13.166
2013-10-01;2013;10;10.252
2013-11-01;2013;11;7.41
2013-12-01;2013;12;4.708
2014-01-01;2014;01;3.772
2014-02-01;2014;02;3.505
2014-03-01;2014;03;6.352
2014-04-01;2014;04;9.558
2014-05-01;2014;05;12.496
2014-06-01;2014;06;14.253
2014-07-01;2014;07;14.863
2014-08-01;2014;08;14.885
2014-09-01;2014;09;13.086
2014-10-01;2014;10;10.36
2014-11-01;2014;11;6.745
2014-12-01;2014;12;4.886
2015-01-01;2015;01;3.92
2015-02-01;2015;02;4.648
2015-03-01;2015;03;6.732
2015-04-01;2015;04;9.294
2015-05-01;2015;05;12.3
2015-06-01;2015;06;14.47
2015-07-01;2015;07;15.046
2015-08-01;2015;08;14.765
2015-09-01;2015;09;12.975
2015-10-01;2015;10;10.773
2015-11-01;2015;11;7.438
2015-12-01;2015;12;5.49
2016-01-01;2016;01;4.244
2016-02-01;2016;02;5.379
2016-03-01;2016;03;7.484
2016-04-01;2016;04;10.105
2016-05-01;2016;05;12.571
2016-06-01;2016;06;14.313
2016-07-01;2016;07;15.255
2016-08-01;2016;08;15.282
2016-09-01;2016;09;13.179
2016-10-01;2016;10;10.243
2016-11-01;2016;11;7.195
2016-12-01;2016;12;4.933
2017-01-01;2017;01;4.195
2017-02-01;2017;02;4.938
2017-03-01;2017;03;7.141
2017-04-01;2017;04;9.594
2017-05-01;2017;05;12.561
2017-06-01;2017;06;14.206
2017-07-01;2017;07;15.304
2017-08-01;2017;08;14.899
2017-09-01;2017;09;13.024
2017-10-01;2017;10;10.537
2017-11-01;2017;11;7.142
2017-12-01;2017;12;5.147
2018-01-01;2018;01;3.785
2018-02-01;2018;02;4.294
2018-03-01;2018;03;6.675
2018-04-01;2018;04;9.629
2018-05-01;2018;05;12.377
2018-06-01;2018;06;14.426
2018-07-01;2018;07;15.432
2018-08-01;2018;08;14.812
2018-09-01;2018;09;12.904
2018-10-01;2018;10;10.612
2018-11-01;2018;11;6.891
2018-12-01;2018;12;4.886
2019-01-01;2019;01;4.025
2019-02-01;2019;02;4.42
2019-03-01;2019;03;7.106
2019-04-01;2019;04;9.823
2019-05-01;2019;05;12.295
2019-06-01;2019;06;14.456
2019-07-01;2019;07;15.444
2019-08-01;2019;08;14.923
2019-09-01;2019;09;13.239
2019-10-01;2019;10;10.729
2019-11-01;2019;11;7.285
2019-12-01;2019;12;5.396
2020-01-01;2020;01;4.632
2020-02-01;2020;02;5.298
2020-03-01;2020;03;7.058
2020-04-01;2020;04;9.97
2020-05-01;2020;05;12.584
2020-06-01;2020;06;14.621
2020-07-01;2020;07;15.468
2020-08-01;2020;08;14.942
2020-09-01;2020;09;13.471
2020-10-01;2020;10;10.45
2020-11-01;2020;11;7.765
2020-12-01;2020;12;4.788
