year;CO2 ppm;methane ppb;N2O ppb
-797446;;399.0;
-796562;191.0;;
-796475;;;254.0
-796467;;458.0;
-795327;;396.0;
-795149;188.4;;
-794517;189.3;;
-794430;;;249.0
-794370;;418.0;
-793252;195.2;;
-792988;;428.0;
-792658;199.4;;
-792569;;;239.0
-792450;;420.0;
-791646;;451.0;
-791310;209.0;;
-790993;204.0;;
-790916;;;239.0
-790877;;470.0;
-790131;205.1;;
-790045;;466.0;
-789541;215.4;;
-789474;;;250.0
-789427;;503.0;
-788740;;483.0;
-788588;221.3;;
-788203;218.2;;
-788110;;;253.0
-788088;;540.0;
-787431;226.3;;
-787312;;543.0;
-786937;229.5;;
-786882;;;253.0
-786865;;562.0;
-786173;;589.0;
-786083;247.9;;
-785855;248.1;;
-785730;;;266.0
-785723;;659.0;
-785126;256.9;;
-784988;;713.0;
-784699;;699.0;
-784637;260.3;;
-784590;;739.0;
-784579;;;303.0
-784540;;723.0;
-784010;;677.0;
-783839;255.4;;
-783463;253.3;;
-783436;;686.0;
-783424;;;282.0
-782742;250.7;;
-782690;;639.0;
-782197;246.9;;
-782158;;653.0;
-782151;;;269.0
-781478;;618.0;
-781313;252.1;;
-780901;;639.0;
-780880;;;270.0
-780109;246.2;;
-780007;;623.0;
-779683;;633.0;
-779646;;;280.0
-779585;248.7;;
-778795;;630.0;
-778662;242.8;;
-778318;248.5;;
-778158;;;254.0
-778145;;616.0;
-777414;243.9;;
-777333;;598.0;
-776848;245.8;;
-776810;;614.0;
-776797;;;254.0
-776082;;681.0;
-775950;246.1;;
-775606;246.3;;
-775460;;658.0;
-775440;;;269.0
-774686;243.9;;
-774605;;601.0;
-774087;238.8;;
-774044;;618.0;
-774034;;;273.0
-773296;;577.0;
-773101;240.5;;
-772598;236.9;;
-772575;;583.0;
-772548;;;260.0
-771730;233.3;;
-771682;;549.0;
-771093;230.0;;
-771049;;566.0;
-771046;;;271.0
-770249;;530.0;
-770126;230.9;;
-770082;;;247.0
-770064;;539.0;
-769885;;;267.0
-769879;;543.0;
-769758;229.5;;
-769596;;;260.0
-769591;;556.0;
-769310;237.7;;
-769258;;;275.0
-769255;;639.0;
-769044;235.6;;
-768987;;;271.0
-768981;;647.0;
-768774;238.2;;
-768652;;632.0;
-768497;235.6;;
-768353;;;271.0
-768344;;630.0;
-768183;231.5;;
-768130;;622.0;283.0
-767837;226.0;;
-767777;;616.0;
-767754;;;287.0
-767630;;587.0;
-767600;;;279.0
-767564;228.1;;
-767350;;570.0;
-767100;221.4;;
-766741;;568.0;
-766705;222.4;;
-766626;;;283.0
-765787;217.7;;
-765671;;486.0;
-765146;213.5;;
-765121;;519.0;
-765097;;;250.0
-764296;;467.0;
-764160;215.7;;
-763978;;;241.0
-763936;;462.0;
-763785;216.8;;
-763635;;;260.0
-763555;;470.0;
-763314;;;265.0
-763272;;500.0;
-763167;;;268.0
-763134;;535.0;
-762883;222.6;;
-762798;;518.0;
-762635;;563.0;
-762634;;;286.0
-762299;224.1;;
-762222;;;293.0
-762193;;549.0;
-761984;221.4;;
-761874;;;289.0
-761868;;556.0;
-761736;225.7;;
-761513;;538.0;
-761369;215.0;;
-760921;216.0;;
-760877;;521.0;
-760856;;;280.0
-760114;212.0;;
-760089;;474.0;
-759624;;473.0;
-759503;206.1;;
-758686;;454.0;
-758550;206.9;;
-758252;208.8;;
-758079;;;250.0
-758065;;462.0;
-757356;214.9;;
-757250;;434.0;
-756933;217.9;;
-756890;;;252.0
-756867;;421.0;
-756525;217.6;;
-756467;;;274.0
-756432;;486.0;
-756309;215.3;;
-756240;;;279.0
-756193;;498.0;
-756050;;498.0;
-756012;219.2;;
-755611;215.0;;
-755558;;505.0;
-755556;;;290.0
-755266;;480.0;
-755262;;;274.0
-755045;;473.0;
-755043;;;287.0
-754921;210.7;;
-754836;;439.0;
-754407;206.0;;
-754371;;419.0;
-754364;;;265.0
-753665;;445.0;
-753545;201.9;;
-753291;200.5;;
-753190;;429.0;
-753097;;;252.0
-752444;195.8;;
-752399;;406.0;
-752070;;410.0;
-752034;191.5;;
-751991;;;230.0
-751028;196.5;;
-750655;188.0;;
-750618;;431.0;
-750612;;;231.0
-749880;190.1;;
-749805;;401.0;
-749351;186.2;;
-749308;;;241.0
-749304;;428.0;
-748653;;408.0;
-748526;184.0;;
-748244;184.8;;
-748096;;;246.0
-748095;;400.0;
-747451;182.9;;
-747370;;378.0;
-746963;181.4;;
-746921;;;250.0
-746920;;409.0;
-746283;;392.0;
-746151;180.4;;
-745809;180.8;;
-745766;;405.0;
-745764;;;239.0
-745160;180.8;;
-745100;;402.0;
-744693;183.1;;
-744653;;428.0;
-744646;;;238.0
-744055;;415.0;
-743886;180.2;;
-743522;;432.0;
-743515;;;235.0
-742893;182.0;;
-742824;;421.0;
-742404;181.2;;
-742362;;422.0;
-742357;;;239.0
-741756;;439.0;
-741639;180.4;;
-741283;181.7;;
-741257;;422.0;
-741217;;;231.0
-740608;182.3;;
-740553;;402.0;
-740125;177.9;;
-740121;;409.0;
-740089;;;242.0
-739473;;388.0;
-739357;176.6;;
-739071;178.6;;
-738939;;;252.0
-738918;;414.0;
-738327;178.9;;
-738262;;411.0;
-737892;185.0;;
-737860;;403.0;
-737854;;;233.0
-737323;;408.0;
-737187;197.8;;
-736894;200.3;;
-736871;;;251.0
-736869;;407.0;
-736322;206.5;;
-736180;;423.0;
-735939;210.6;;
-735892;;;283.0
-735872;;508.0;
-735336;;542.0;
-735316;211.3;;
-735084;208.1;;
-734973;;561.0;
-734964;;;258.0
-734510;209.7;;
-734463;;546.0;
-734129;204.1;;
-734107;;541.0;
-734089;;;253.0
-733574;;518.0;
-733509;201.3;;
-733217;201.7;;
-733151;;531.0;250.0
-732654;207.4;;
-732638;;520.0;
-732273;205.3;;
-732244;;519.0;
-732238;;;257.0
-731698;;530.0;
-731593;204.4;;
-731311;203.9;;
-731209;;525.0;
-731204;;;261.0
-730598;205.9;;
-730511;;521.0;
-730196;;537.0;
-730191;203.8;;
-730148;;;255.0
-729492;;512.0;
-729379;204.9;;
-729077;;538.0;
-728999;204.1;;
-728964;;;263.0
-728349;204.0;;
-728293;;545.0;
-727807;;;266.0
-727804;;551.0;
-726971;205.4;;
-726923;;530.0;
-726909;;;254.0
-726618;205.1;;
-726503;;559.0;
-726472;;;268.0
-725782;205.5;;
-725757;;531.0;
-725242;204.5;;
-725230;;541.0;
-725212;;;257.0
-724545;;504.0;
-724372;208.1;;
-723987;206.6;;
-723919;;561.0;
-723902;;;251.0
-723109;206.3;;
-722970;;478.0;
-722495;210.3;;
-722434;;;265.0
-722423;;581.0;
-721738;;560.0;
-721514;213.2;;
-721183;213.4;;
-721022;;566.0;
-720995;;;265.0
-720089;211.3;;
-719971;;515.0;
-719368;206.3;;
-719308;;491.0;
-719303;;;253.0
-718583;;401.0;
-718387;195.2;;
-717844;187.8;;
-717805;;;240.0
-717692;;408.0;
-716829;184.3;;
-716685;;392.0;
-716114;192.9;;
-716045;;;217.0
-716013;;403.0;
-715245;;399.0;
-715115;205.0;;
-714754;208.1;;
-714599;;;239.0
-714513;;435.0;
-713800;222.1;;
-713700;;531.0;
-713230;217.7;;
-713172;;;274.0
-713165;;570.0;
-712338;221.7;;
-712239;;577.0;
-711893;222.3;;
-711788;;593.0;
-711771;;;267.0
-711060;;597.0;
-710883;218.5;;
-710415;;588.0;
-710387;;;260.0
-709619;;573.0;
-709471;218.7;;
-709154;218.9;;
-709007;;;258.0
-709001;;591.0;
-708287;220.2;;
-708191;;556.0;
-707809;;568.0;
-707730;219.7;;
-707681;;611.0;
-707678;;;271.0
-706904;;521.0;
-706420;;512.0;
-705649;;505.0;
-705203;;519.0;
-704459;228.1;;
-704457;;;275.0
-704452;;610.0;
-704191;228.6;;
-704053;;;268.0
-704027;;610.0;
-703460;228.5;;
-703387;;585.0;
-703023;233.9;;
-702959;;;273.0
-702911;;602.0;
-702261;231.2;;
-702258;;588.0;
-702257;;;263.0
-701984;231.2;;
-701941;;;261.0
-701926;;593.0;
-701434;232.8;;
-701377;;582.0;
-701038;232.4;;
-700996;;;275.0
-700968;;605.0;
-700513;;594.0;
-700431;230.3;;
-700208;229.3;;
-700105;;;262.0
-700102;;584.0;
-699656;228.8;;
-699581;;571.0;
-699292;228.2;;
-699258;;;251.0
-699253;;595.0;
-698794;227.6;;
-698715;;578.0;
-698439;228.7;;
-698398;;;281.0
-698396;;581.0;
-697959;226.0;;
-697922;;566.0;
-697683;227.6;;
-697607;;594.0;
-697606;;;271.0
-697182;;604.0;267.0
-697152;227.7;;
-696930;226.4;;
-696436;228.0;;
-696332;;;254.0
-696324;;588.0;
-696170;231.0;;
-696097;;605.0;
-696094;;;264.0
-695710;232.2;;
-695658;;604.0;
-695381;232.4;;
-695013;232.9;;
-694968;;624.0;
-694767;235.4;;
-694696;;;264.0
-694693;;645.0;
-694337;234.8;;
-694279;;643.0;
-694112;234.6;;
-694030;;647.0;
-693668;237.6;;
-693621;;632.0;
-693433;236.7;;
-693358;;;273.0
-693349;;652.0;
-692991;236.9;;
-692955;;635.0;
-692722;235.8;;
-692699;;639.0;
-692694;;;266.0
-692350;234.4;;
-692313;;629.0;
-692118;235.4;;
-692055;;615.0;
-692054;;;259.0
-691689;234.1;;
-691483;234.1;;
-691416;;590.0;
-691040;234.8;;
-691006;;602.0;
-690815;232.9;;
-690750;;596.0;
-690747;;;260.0
-690388;235.9;;
-690353;;557.0;
-690107;235.5;;
-690085;;570.0;
-690083;;;258.0
-689722;236.6;;
-689672;;568.0;
-689482;235.6;;
-689416;;584.0;
-689413;;;246.0
-689049;234.0;;
-688821;240.0;;
-688757;;561.0;
-688344;234.8;;
-688330;;549.0;
-688107;235.6;;
-688038;;;241.0
-688033;;555.0;
-687653;239.9;;
-687609;;540.0;
-687354;235.8;;
-687346;;557.0;
-687325;;;262.0
-686931;234.9;;
-686898;;542.0;
-686702;235.8;;
-686636;;;270.0
-686635;;538.0;
-686245;233.0;;
-686204;;527.0;
-685999;232.3;;
-685936;;529.0;
-685520;228.8;;
-685474;;538.0;
-685277;228.7;;
-684776;227.3;;
-684737;;523.0;
-684475;224.3;;
-684441;;521.0;
-684436;;;260.0
-684030;224.4;;
-683975;;514.0;
-683766;223.5;;
-683749;;508.0;
-683740;;;277.0
-683267;219.7;;
-682999;219.5;;
-682912;;520.0;
-682469;219.4;;
-682436;;504.0;
-682192;217.5;;
-682105;;499.0;
-682099;;;260.0
-681662;217.5;;
-681617;;498.0;
-681312;218.7;;
-681310;;494.0;
-681280;;;258.0
-680812;221.3;;
-680777;;543.0;
-680703;;523.0;
-680689;;;257.0
-680496;222.6;;
-680439;;505.0;
-680404;;;270.0
-679899;219.7;;
-679822;;486.0;
-679581;217.3;;
-679467;;482.0;
-678970;216.2;;
-678896;;490.0;
-678658;218.4;;
-678606;;466.0;
-678573;;;237.0
-678161;;446.0;
-678131;225.0;;
-677786;;460.0;
-677782;223.0;;
-677767;;;245.0
-677302;230.3;;
-677246;;544.0;
-677149;;500.0;248.0
-676964;230.8;;
-676882;;494.0;
-676877;;;261.0
-676341;230.0;;
-676236;;495.0;
-676034;226.5;;
-675914;;491.0;
-675430;217.4;;
-675342;;464.0;
-675118;215.6;;
-675023;;466.0;237.0
-674598;;455.0;
-674574;214.0;;
-674220;217.4;;
-674206;;536.0;
-674190;;;243.0
-673639;220.0;;
-673590;;551.0;
-673159;;554.0;
-673154;;;280.0
-672571;213.7;;
-672458;;564.0;
-672223;209.2;;
-672164;;562.0;
-671525;202.3;;
-671488;;512.0;
-671145;198.7;;
-671113;;529.0;
-671048;;;246.0
-670436;194.8;;
-670382;;471.0;
-669976;192.5;;
-669974;;462.0;
-669944;;;219.0
-669336;194.6;;
-669276;;439.0;
-669050;;483.0;
-669019;;;224.0
-668966;192.6;;
-668965;;489.0;
-668934;;;249.0
-668226;189.3;;
-667801;185.5;;
-667679;;396.0;
-666984;178.5;;
-666842;;390.0;
-666497;175.6;;
-666376;;385.0;
-666345;;;215.0
-665640;;365.0;
-665619;171.6;;
-665045;172.7;;
-665030;;374.0;
-664983;;;202.0
-664268;;376.0;
-664224;178.5;;
-663695;178.2;;
-662740;185.8;;
-662242;189.1;;
-662084;;414.0;
-661256;189.0;;
-660719;187.8;;
-660574;;384.0;
-660566;;;278.0
-659700;189.8;;
-659084;;402.0;
-659031;186.6;;
-658958;;;250.0
-658134;183.9;;
-657574;182.4;;
-657454;;359.0;
-657434;;;218.0
-656524;189.2;;
-655973;191.3;;
-655795;;344.0;
-654932;198.7;;
-654857;;398.0;
-654842;;;249.0
-654336;198.4;;
-654154;;;267.0
-654141;;414.0;
-653252;193.2;;
-652531;;397.0;
-652523;191.3;;
-652446;;;233.0
-651498;185.3;;
-650852;185.8;;
-650705;;409.0;
-650661;;;238.0
-649606;192.0;;
-648941;187.8;;
-648727;;414.0;
-647648;194.8;;
-646996;192.1;;
-646942;;426.0;
-646921;;;252.0
-645638;190.5;;
-644773;188.6;;
-644706;;429.0;
-644687;;;222.0
-643520;194.6;;
-642712;194.1;;
-642525;;429.0;
-642514;;;253.0
-641254;190.4;;
-641234;;386.0;
-641174;;;237.0
-640489;;369.0;
-640455;190.2;;
-638810;189.1;;
-637898;187.7;;
-637654;;;234.0
-637649;;373.0;
-636177;194.3;;
-635007;193.0;;
-634927;;373.0;
-634898;;;260.0
-633539;193.9;;
-632642;192.1;;
-632368;;;226.0
-632347;;361.0;
-630906;195.6;;
-630051;199.5;;
-629795;;376.0;
-628345;199.9;;
-627496;198.7;;
-627243;;;232.0
-627140;;356.0;
-626049;205.0;;
-625261;214.9;;
-625126;;;233.0
-625076;;386.0;
-624265;227.8;;
-624150;;;243.0
-624070;;474.0;
-623620;234.3;;
-623521;;478.0;
-623508;;;268.0
-622740;237.3;;
-622648;;;264.0
-622646;;573.0;
-622067;;572.0;
-621264;238.6;;
-621230;;618.0;
-621226;;;267.0
-620626;;661.0;279.0
-619810;243.0;;
-619765;;;274.0
-619746;;627.0;
-619139;;;272.0
-619097;;609.0;
-618388;245.4;;
-617741;;;277.0
-617730;;602.0;
-617005;247.9;;
-616396;;604.0;
-615594;252.3;;
-615003;;611.0;
-614994;;;266.0
-614277;252.4;;
-613661;;;274.0
-613630;;617.0;
-612973;252.5;;
-612403;;620.0;278.0
-611759;256.0;;
-611220;;601.0;
-610564;258.0;;
-610005;;620.0;
-610002;;;267.0
-609369;259.6;;
-608839;;593.0;
-608833;;;275.0
-608186;257.7;;
-607637;;583.0;
-607631;;;274.0
-606979;259.2;;
-606941;;577.0;
-606924;;;273.0
-606475;;578.0;
-605758;254.6;;
-605205;;538.0;
-605178;;;277.0
-604424;248.5;;
-603907;;533.0;
-603846;;;277.0
-603126;244.5;;
-602512;;503.0;
-602505;;;264.0
-601723;239.1;;
-601116;;526.0;
-600328;237.9;;
-599695;;542.0;
-599693;;;244.0
-598932;232.5;;
-598283;;;268.0
-598281;;534.0;
-597484;229.4;;
-596883;226.0;;
-596845;;544.0;
-596815;;;269.0
-596016;219.0;;
-595986;;;255.0
-595984;;496.0;
-595493;216.3;;
-595324;;465.0;
-594565;216.4;;
-594000;221.2;;
-593950;;448.0;
-593945;;;244.0
-593239;232.9;;
-593159;;463.0;
-592689;238.0;;
-592627;;;287.0
-592512;;539.0;
-591920;238.1;;
-591465;233.2;;
-591388;;510.0;
-591383;;;267.0
-590747;229.4;;
-590329;225.7;;
-590204;;483.0;
-588943;237.4;;
-588430;;428.0;
-588429;;;227.0
-588385;243.6;;
-587918;248.1;;
-587887;;;283.0
-587886;;480.0;
-587274;250.2;;
-586766;246.3;;
-586698;;;278.0
-586665;;468.0;
-586084;238.8;;
-585697;234.4;;
-585596;;451.0;
-584943;226.0;;
-584456;224.0;;
-584417;;470.0;
-584414;;;251.0
-581463;210.6;;
-581084;206.7;;
-580956;;482.0;
-580441;209.9;;
-580050;215.4;;
-580024;;488.0;
-580018;;;221.0
-579557;219.4;;
-579210;225.2;;
-579167;;;240.0
-579114;;484.0;
-578745;230.3;;
-578450;236.2;;
-578411;;;244.0
-578373;;505.0;
-578069;243.8;;
-578004;;521.0;
-577871;244.1;;
-577788;;609.0;
-577485;251.5;;
-577204;;;266.0
-577199;;618.0;
-576907;252.9;;
-576649;;;273.0
-576642;;602.0;
-576355;249.1;;
-576100;;602.0;
-576097;;;270.0
-575819;251.1;;
-575583;;579.0;
-575292;251.3;;
-575052;;597.0;
-575049;;;250.0
-574773;251.3;;
-574553;;584.0;
-574538;;;255.0
-574272;252.9;;
-574045;;;257.0
-574039;;589.0;
-573780;252.5;;
-573573;;581.0;
-573315;248.9;;
-573099;;;274.0
-573097;;600.0;
-572853;252.1;;
-572647;;;261.0
-572646;;605.0;
-572403;251.9;;
-572197;;620.0;
-572196;;;270.0
-571952;251.8;;
-571749;;598.0;
-571512;248.7;;
-571312;;613.0;
-571310;;;269.0
-571087;249.2;;
-570899;;612.0;
-570897;;;279.0
-570669;247.7;;
-570475;;614.0;
-570473;;;275.0
-570240;246.3;;
-570051;;604.0;
-569825;250.3;;
-569652;;610.0;
-569643;;;267.0
-569417;251.6;;
-569231;;;269.0
-569229;;594.0;
-569005;249.6;;
-568816;;597.0;
-568810;;;266.0
-568598;251.8;;
-568419;;580.0;
-568189;251.8;;
-567998;;;280.0
-567997;;588.0;
-567778;251.3;;
-567598;;589.0;282.0
-567381;250.0;;
-567209;;590.0;
-567206;;;279.0
-566996;251.3;;
-566821;;589.0;
-566606;250.2;;
-566430;;613.0;
-566428;;;273.0
-566217;253.0;;
-566037;;615.0;
-566036;;;274.0
-565827;252.8;;
-565649;;;269.0
-565642;;603.0;
-565431;253.9;;
-565268;;620.0;
-565057;253.2;;
-564889;;626.0;
-564884;;;269.0
-564669;254.5;;
-564502;;;277.0
-564501;;618.0;
-564283;253.9;;
-564108;;627.0;
-564105;;;283.0
-563901;254.3;;
-563735;;577.0;
-563516;253.7;;
-563336;;;280.0
-563335;;589.0;
-563127;251.4;;
-562959;;581.0;
-562955;;;275.0
-562749;252.6;;
-562572;;579.0;
-562570;;;291.0
-562361;252.4;;
-562185;;550.0;
-561968;251.4;;
-561784;;;268.0
-561781;;554.0;
-561567;247.6;;
-561394;;529.0;
-561381;;;272.0
-561165;245.8;;
-560971;;;277.0
-560969;;532.0;
-560740;245.7;;
-560549;;495.0;
-560322;242.3;;
-560138;;497.0;
-560126;;;280.0
-559896;240.1;;
-559692;;486.0;
-559689;;;276.0
-559453;;484.0;
-559445;;;269.0
-559359;234.1;;
-558980;234.6;;
-558972;;464.0;
-558509;231.9;;
-558500;;511.0;
-558492;;;280.0
-558291;;516.0;
-558288;;;259.0
-558022;231.6;;
-557811;;501.0;
-557793;;;267.0
-557511;228.3;;
-557290;;492.0;
-557268;;;261.0
-556979;230.3;;
-556745;;468.0;
-556443;230.2;;
-556233;229.7;;
-556227;;443.0;
-556214;;;246.0
-555937;234.5;;
-555723;;443.0;
-555714;;;244.0
-555435;238.1;;
-555223;;496.0;
-555215;;;262.0
-554939;240.4;;
-554778;;531.0;
-554774;245.6;;
-554762;;;269.0
-554414;250.5;;
-554193;244.0;;
-554173;;;283.0
-554168;;575.0;
-553889;249.1;;
-553687;243.0;;
-553664;;578.0;
-553662;;;282.0
-553395;241.0;;
-553173;;557.0;
-553169;;;271.0
-552881;233.9;;
-552630;;519.0;
-552304;226.7;;
-552020;;;269.0
-552016;;501.0;
-551676;224.3;;
-551369;;471.0;
-551364;;;242.0
-551011;223.6;;
-550730;;431.0;
-550685;;;233.0
-550370;;443.0;
-550300;220.3;;
-550273;;;243.0
-550029;222.1;;
-549988;;491.0;
-549502;226.3;;
-549174;222.3;;
-549147;;477.0;
-549131;;;268.0
-548687;221.7;;
-548353;;472.0;
-548337;;;272.0
-547880;219.9;;
-547504;;456.0;
-547489;;;261.0
-546983;215.2;;
-546587;;434.0;
-546022;213.6;;
-545623;208.8;;
-545584;;390.0;
-545580;;;246.0
-545063;202.5;;
-544707;;409.0;
-544613;;;239.0
-544006;204.6;;
-543499;;418.0;
-543489;;;251.0
-542854;209.7;;
-542398;;427.0;
-541726;209.6;;
-541241;;405.0;
-540552;210.3;;
-540031;;;253.0
-540030;;408.0;
-539395;208.1;;
-538846;;391.0;
-538845;;;246.0
-538204;203.6;;
-537669;;400.0;
-537009;205.0;;
-536985;;415.0;
-536967;;;255.0
-536460;;448.0;
-536457;;;252.0
-535820;211.2;;
-535783;;;267.0
-535779;;467.0;
-535288;;497.0;
-534672;212.9;;
-534188;;490.0;
-534181;;;264.0
-533533;206.4;;
-532968;;449.0;
-532414;205.0;;
-531901;;458.0;
-531897;;;236.0
-531296;199.4;;
-530774;;;241.0
-530766;;422.0;
-530169;199.8;;
-529712;190.5;;
-529680;;420.0;
-529085;193.8;;
-528735;195.1;;
-528619;;450.0;
-528066;200.0;;
-527690;204.4;;
-527630;;;226.0
-527624;;441.0;
-527151;211.4;;
-526797;214.5;;
-526751;;464.0;
-526749;;;270.0
-526312;220.7;;
-526283;;;270.0
-526244;;520.0;
-525928;;518.0;264.0
-525504;220.3;;
-525140;;529.0;
-524711;221.2;;
-524364;;541.0;
-524360;;;260.0
-523958;222.7;;
-523635;;538.0;
-523613;;;264.0
-523214;224.7;;
-522876;;;260.0
-522873;;534.0;
-522459;227.8;;
-522128;;518.0;
-521716;230.3;;
-521373;;;247.0
-521367;;534.0;
-520973;233.7;;
-520640;;516.0;
-520636;;;253.0
-520266;235.8;;
-519967;;;255.0
-519955;;535.0;
-519602;236.8;;
-519311;;522.0;
-518942;241.9;;
-518647;;524.0;
-518646;;;248.0
-517015;243.5;;
-516722;;499.0;
-516384;245.5;;
-516095;;512.0;
-516086;;;260.0
-515756;247.7;;
-515467;;507.0;
-515119;245.3;;
-514822;;508.0;
-514820;;;254.0
-514467;245.5;;
-514454;;501.0;
-514445;;;282.0
-514179;;477.0;
-513821;246.2;;
-513808;;483.0;
-513799;;;281.0
-513545;;519.0;
-513538;;;289.0
-513163;247.2;;
-512855;;507.0;
-512854;;;270.0
-512479;243.0;;
-512168;;496.0;
-512164;;;284.0
-511774;241.5;;
-511447;;488.0;
-511047;239.2;;
-510717;;486.0;
-510713;;;269.0
-510319;238.2;;
-509980;;;265.0
-509976;;487.0;
-509565;242.0;;
-509240;;495.0;
-509214;;;252.0
-508815;235.2;;
-508492;;520.0;
-508058;236.4;;
-507715;;533.0;
-507297;233.4;;
-506957;;557.0;
-506944;;;269.0
-506526;240.3;;
-506171;;;280.0
-506165;;582.0;
-505764;237.0;;
-505450;;573.0;
-505061;238.2;;
-504742;;601.0;
-504736;;;275.0
-504337;236.0;;
-503999;;579.0;
-503566;235.5;;
-503205;;524.0;
-503204;;;267.0
-502827;233.9;;
-502530;;566.0;
-502133;234.1;;
-501855;;549.0;
-501827;;;281.0
-501425;232.2;;
-501088;;515.0;
-501087;;;273.0
-500675;232.0;;
-500320;;;265.0
-500299;;517.0;
-499916;231.2;;
-499621;;522.0;
-499180;230.8;;
-498827;;512.0;
-498821;;;261.0
-498413;228.2;;
-498068;;496.0;
-497660;230.8;;
-497326;;499.0;
-497317;;;263.0
-496915;230.6;;
-496577;;509.0;
-496154;232.8;;
-495823;;506.0;
-495820;;;264.0
-495416;236.5;;
-495066;;;266.0
-495060;;516.0;
-494658;236.4;;
-494322;;522.0;
-494311;;;244.0
-493903;237.6;;
-493563;;514.0;
-493135;238.5;;
-492788;;496.0;
-492774;;;254.0
-492361;238.3;;
-491993;;517.0;
-491557;239.1;;
-491212;;500.0;
-491205;;;260.0
-490788;239.7;;
-490438;;501.0;
-490009;243.7;;
-489656;;534.0;
-489650;;;266.0
-489241;246.7;;
-488880;;584.0;
-488877;;;274.0
-488495;243.3;;
-488165;;558.0;
-488162;;;268.0
-487772;242.6;;
-487525;249.3;;
-487434;;588.0;
-487046;252.8;;
-486739;240.9;;
-486706;;;274.0
-486693;;624.0;
-486318;242.0;;
-485983;;615.0;
-485980;;;265.0
-485591;237.1;;
-485270;;583.0;
-485254;;;261.0
-484866;231.3;;
-484505;;583.0;
-484093;232.9;;
-483767;;569.0;
-483760;;;254.0
-483326;233.0;;
-482970;;543.0;
-482962;;;261.0
-482515;231.2;;
-482156;;544.0;
-482147;;;257.0
-481699;231.4;;
-481327;;516.0;
-480853;231.4;;
-480458;;507.0;
-480453;;;257.0
-479982;227.3;;
-479602;;504.0;
-479572;;;255.0
-479085;223.4;;
-478687;;492.0;
-478664;;;243.0
-478158;223.8;;
-478135;;504.0;
-478130;;;256.0
-477760;;531.0;
-477194;218.8;;
-476771;220.8;;
-476752;;496.0;
-476732;;;232.0
-476174;231.3;;
-475769;236.5;;
-475725;;528.0;
-475721;;;242.0
-475212;239.1;;
-474822;;517.0;
-474798;;;262.0
-474290;236.6;;
-473834;;504.0;
-473268;232.8;;
-472782;;475.0;
-472774;;;255.0
-472212;233.1;;
-471724;;456.0;
-471713;;;239.0
-471152;241.2;;
-470676;;440.0;
-470670;;;241.0
-470145;245.6;;
-469813;243.9;;
-469662;;482.0;
-469096;243.7;;
-468647;232.7;;
-468583;;;264.0
-468523;;482.0;
-467991;229.2;;
-467520;218.7;;
-467473;;443.0;
-467456;;;248.0
-466860;215.5;;
-466430;;430.0;
-466373;206.5;;
-466340;;;230.0
-465727;;491.0;
-465652;205.5;;
-465584;;;212.0
-465120;;491.0;
-464315;203.4;;
-463719;;442.0;
-463656;;;219.0
-462916;204.4;;
-462321;;;239.0
-462300;;448.0;
-461506;208.1;;
-460897;;491.0;
-460891;;;237.0
-460183;210.0;;
-460145;;;245.0
-460140;;463.0;
-459737;205.2;;
-459597;;521.0;
-458842;199.9;;
-458790;;;244.0
-458767;;424.0;
-458210;;409.0;
-458204;;;232.0
-457480;194.4;;
-456941;;398.0;
-456847;;;211.0
-456099;190.7;;
-455474;;408.0;
-455458;;;218.0
-454641;195.5;;
-454061;;412.0;
-453329;202.4;;
-453293;;;237.0
-453290;;434.0;
-452758;;;256.0
-452736;;468.0;
-452073;208.3;;
-452029;;;282.0
-451942;;486.0;
-451564;203.3;;
-451514;;;261.0
-451474;;426.0;
-450845;204.3;;
-450333;199.1;;
-450258;;;236.0
-450249;;403.0;
-449643;192.5;;
-449151;;384.0;
-448505;193.3;;
-447962;;381.0;
-447950;;;195.0
-447294;198.4;;
-446740;;;212.0
-446738;;389.0;
-446153;201.9;;
-445664;;427.0;
-445658;;;242.0
-445034;204.9;;
-444987;;;266.0
-444981;;506.0;
-444629;;474.0;
-444620;;;264.0
-443879;201.2;;
-443812;;452.0;
-443808;;;234.0
-443339;;;233.0
-443273;;409.0;
-442700;201.7;;
-442634;;;232.0
-442632;;427.0;
-442236;;491.0;
-442188;;;249.0
-441612;208.1;;
-441583;;439.0;
-441570;;;233.0
-441117;;439.0;
-441110;;;240.0
-440461;203.5;;
-439926;;438.0;
-439270;201.1;;
-438729;;;234.0
-438720;;400.0;
-438146;;405.0;
-437615;199.1;;
-436481;;392.0;
-436406;202.0;;
-435708;;395.0;
-435202;201.3;;
-434513;;385.0;
-434039;201.7;;
-433365;;381.0;
-432854;200.3;;
-432152;;381.0;
-431724;207.5;;
-431120;;392.0;
-430649;209.8;;
-429964;;389.0;
-429495;207.6;;
-429244;;394.0;
-429113;211.5;;
-428848;;385.0;
-428778;;;236.0
-428083;;380.0;
-427926;227.2;;
-427839;;382.0;
-427183;;406.0;
-427056;219.7;;
-426829;;472.0;
-425901;;418.0;
-425883;;;266.0
-425616;242.5;;
-425435;;412.0;
-425335;248.2;;
-425132;;465.0;
-424663;;459.0;
-424648;252.1;;
-424447;;463.0;
-424077;;457.0;
-424025;255.3;;
-423696;;;260.0
-423663;;508.0;
-423619;265.4;;
-423292;270.0;;
-423279;;503.0;
-423224;;498.0;
-423017;;584.0;
-422934;;605.0;
-422890;270.8;;
-422766;;618.0;
-422458;;604.0;
-422382;268.3;;
-422266;;598.0;
-422020;;;293.0
-421876;;622.0;
-421814;267.7;;
-421401;;649.0;
-421069;;660.0;
-420699;270.6;;
-420596;;689.0;
-420465;;;278.0
-420207;;672.0;
-420124;266.4;;
-420031;;689.0;
-419615;;684.0;
-419534;268.6;;
-419406;;703.0;
-418792;;699.0;
-418594;;;283.0
-418496;;678.0;
-418400;273.8;;
-418291;;695.0;
-417926;;674.0;
-417858;271.2;;
-417725;;687.0;
-417416;;665.0;
-417310;273.7;;
-417128;;;274.0
-416940;;655.0;
-416672;;660.0;
-416366;;658.0;
-416295;274.6;;
-416155;;635.0;
-415813;;668.0;
-415748;271.8;;
-415618;;647.0;
-415594;;;275.0
-415307;;671.0;
-415241;273.4;;
-415132;;634.0;
-414621;;633.0;
-414310;;630.0;
-414243;271.7;;
-414087;;623.0;
-413886;;;269.0
-413835;;620.0;
-413767;276.4;;
-413618;;639.0;
-413132;;638.0;
-413013;271.6;;
-412626;;677.0;
-412592;;;277.0
-412082;;696.0;
-411998;264.9;;
-411611;;690.0;
-411117;;656.0;
-411012;274.9;;
-410927;;;277.0
-410632;;659.0;
-410112;;712.0;
-409661;;700.0;
-409634;;;266.0
-409221;;694.0;
-409121;283.5;;
-408789;;701.0;
-408357;;713.0;
-408308;;;283.0
-408256;282.6;;
-407920;;710.0;
-407524;;699.0;
-407433;274.7;;
-407115;;714.0;
-406974;;;276.0
-406740;;711.0;
-406650;284.5;;
-406360;;695.0;
-405959;;681.0;
-405815;;;287.0
-405594;;710.0;
-405222;;736.0;
-405143;285.6;;
-404873;;691.0;
-404724;;;279.0
-404503;;672.0;
-404418;279.6;;
-404119;;708.0;
-403778;;700.0;
-403738;;;275.0
-403418;;659.0;
-403059;;663.0;
-402977;280.5;;
-402715;;661.0;
-402666;;;287.0
-402304;;674.0;
-402231;276.5;;
-401951;;664.0;
-401602;;681.0;
-401554;;;283.0
-401229;;653.0;
-400866;;640.0;
-400781;275.7;;
-400505;;642.0;
-400357;;;289.0
-400140;;646.0;
-400050;283.1;;
-399759;;633.0;
-399386;;627.0;
-399350;;;283.0
-399029;;628.0;
-398642;;662.0;
-398554;283.2;;
-398254;;607.0;
-398215;;;286.0
-397858;;607.0;
-397772;277.1;;
-397465;;580.0;
-397070;;593.0;
-397015;;;290.0
-396645;;608.0;
-396225;;612.0;
-396136;276.3;;
-395811;;600.0;
-395764;;;282.0
-395389;;605.0;
-394964;;590.0;
-394574;;602.0;
-394520;;;292.0
-394107;;594.0;
-393604;;603.0;
-393178;;585.0;
-393168;;;281.0
-392727;;594.0;
-392610;260.7;;
-392246;;550.0;
-392199;;;276.0
-391749;;562.0;
-391675;;;272.0
-391629;273.6;;
-391243;;485.0;
-391197;;;282.0
-390716;;498.0;
-390672;;;273.0
-390594;259.5;;
-390195;;489.0;
-390130;;;267.0
-389946;266.3;;
-389601;;;274.0
-389582;;488.0;
-389025;;506.0;
-388965;;;266.0
-388440;;525.0;
-388346;;;267.0
-387996;250.1;;
-387821;;568.0;
-387736;;;256.0
-387165;;472.0;
-387098;;;249.0
-386472;;452.0;
-386441;;;244.0
-386112;255.2;;
-385818;;463.0;
-385799;;;244.0
-385228;;531.0;
-385204;;;275.0
-384665;;637.0;
-384628;;;276.0
-384194;259.2;;
-384084;;;278.0
-384080;;594.0;
-383502;;577.0;
-383489;;;277.0
-383448;264.6;;
-382911;;;268.0
-382907;;553.0;
-382584;258.1;;
-382341;;561.0;
-382328;;;274.0
-381763;;536.0;
-381708;;;253.0
-381175;;482.0;
-381135;;;248.0
-380720;245.8;;
-380597;;587.0;
-380571;;;269.0
-380005;;601.0;
-379953;;;276.0
-379473;;548.0;
-379449;;;289.0
-379182;246.8;;
-378913;;544.0;
-378882;;;270.0
-378310;;;280.0
-378306;;548.0;
-377757;;485.0;
-377746;239.1;;
-377731;;;269.0
-377169;;494.0;
-377165;;;247.0
-376146;240.0;;
-375380;;442.0;
-375357;;;250.0
-374756;;445.0;
-374618;227.0;;
-374156;;433.0;
-374102;;;243.0
-373501;;426.0;
-373474;;;236.0
-372835;;426.0;
-372787;;;231.0
-372142;;445.0;
-372100;;;211.0
-371793;;;223.0
-371517;;451.0;
-370943;;540.0;
-370887;;;262.0
-370696;229.6;;
-370378;;523.0;
-370352;;;265.0
-369813;;502.0;
-369763;;;270.0
-369184;;491.0;
-369140;224.6;;265.0
-368547;;508.0;
-367967;;518.0;
-367942;;;247.0
-367496;214.7;;
-367374;;444.0;
-367350;;;246.0
-366788;;422.0;
-366722;;;218.0
-366124;;422.0;
-366097;;;215.0
-365906;199.9;;
-365481;;460.0;
-365459;;;249.0
-364900;;403.0;
-364852;;;246.0
-364285;201.9;;
-364256;;416.0;
-364230;;;227.0
-363627;;460.0;
-363560;;;236.0
-362992;;416.0;
-362319;;449.0;
-362295;;;213.0
-361699;;413.0;
-361674;;;228.0
-361435;206.3;;
-361093;;487.0;
-360491;;433.0;
-360449;;;245.0
-359892;;466.0;
-359840;;;225.0
-359272;;420.0;
-359228;;;235.0
-359007;201.2;;
-358563;;415.0;
-357913;;456.0;
-357885;;;203.0
-357252;;418.0;
-357209;;;207.0
-356762;185.8;;
-356624;;417.0;
-355907;;431.0;
-355886;;;211.0
-355244;;435.0;
-354948;186.1;;
-354554;;420.0;
-353892;;404.0;
-353865;;;189.0
-353352;193.0;;
-353255;;403.0;
-352586;;406.0;
-351894;;395.0;
-351272;;405.0;
-350696;;397.0;
-350659;;;228.0
-350325;209.2;;
-349852;;;252.0
-349809;;403.0;
-349476;;414.0;
-348975;209.4;;
-348547;;;237.0
-348506;;402.0;
-348219;;392.0;
-347738;216.2;;
-347432;;;263.0
-347396;;407.0;
-347096;;459.0;
-346348;221.1;;
-346227;;;249.0
-346223;;421.0;
-345902;;403.0;
-345254;;417.0;
-344658;;391.0;
-344030;220.3;;
-343735;;;239.0
-343729;;389.0;
-343401;;374.0;
-342555;;;227.0
-342533;;368.0;
-342496;211.9;;
-342161;;375.0;
-341471;;366.0;
-341332;204.8;;
-340886;;370.0;
-339945;;;215.0
-339890;;394.0;
-339852;205.2;;
-339541;;395.0;
-338585;;;216.0
-338576;;439.0;
-338506;200.7;;
-338260;;449.0;
-337478;;;225.0
-337447;;460.0;
-337348;250.1;;
-337172;;465.0;
-336657;;445.0;
-336615;;445.0;
-336151;;453.0;
-335518;;;254.0
-335464;;486.0;
-335441;234.2;;
-335237;;486.0;
-334775;239.6;;
-334706;;;252.0
-334702;;504.0;
-334493;;496.0;
-334020;;;253.0
-333996;;531.0;
-333968;241.9;;
-333798;;537.0;
-333375;;;256.0
-333360;;566.0;
-333337;255.7;;
-333212;;570.0;
-332861;;;264.0
-332828;;597.0;
-332798;270.5;;
-332687;;581.0;
-332338;;;258.0
-332336;;652.0;
-332311;278.6;;
-332194;;631.0;
-331940;285.8;;
-331905;;;271.0
-331889;;607.0;
-331768;;604.0;
-331554;;590.0;
-331430;278.1;;
-331334;;599.0;
-331061;;;287.0
-331038;;797.0;
-330969;298.6;;
-330925;;798.0;
-330627;;;282.0
-330626;;776.0;
-330512;288.4;;
-330507;;738.0;
-330335;289.1;;
-330209;;;274.0
-330199;;726.0;
-330090;;721.0;
-329994;282.4;;
-329832;;673.0;
-329488;273.1;;
-329478;;;280.0
-329475;;649.0;
-329338;;636.0;
-328954;;;282.0
-328950;;637.0;
-328805;;615.0;
-328790;272.6;;
-328431;;637.0;
-328425;;;302.0
-328292;;621.0;
-328258;271.7;;
-327920;;663.0;
-327913;;;293.0
-327777;;643.0;
-327525;265.0;;
-327378;;;287.0
-327376;;658.0;
-327229;;636.0;
-326799;;;286.0
-326792;;669.0;
-326271;275.1;;
-326132;;657.0;
-325752;;;275.0
-325751;;662.0;
-325640;271.9;;
-325613;;642.0;
-325227;;;295.0
-325219;;654.0;
-325077;;644.0;
-325022;270.1;;
-324679;;;277.0
-324673;;634.0;
-324537;;611.0;
-324371;266.1;;
-324151;;;277.0
-324148;;635.0;
-324000;;633.0;
-323770;264.0;;
-323608;;;291.0
-323605;;644.0;
-323467;;626.0;
-323050;;;283.0
-323047;;617.0;
-323021;266.2;;
-322891;;612.0;
-322459;;590.0;
-322457;;;269.0
-322330;260.5;;
-322291;;580.0;
-321870;;;280.0
-321863;;568.0;
-321722;;593.0;
-321576;260.3;;
-321281;;;287.0
-321278;;557.0;
-321114;;544.0;
-320817;260.4;;
-320631;;;283.0
-320626;;533.0;
-320456;;519.0;
-320065;257.2;;
-319960;;528.0;
-319954;;;277.0
-319781;;519.0;
-319264;;529.0;
-319260;;;285.0
-319073;;521.0;
-318522;;503.0;
-318521;;;271.0
-318408;249.2;;
-318318;;498.0;
-317718;;;252.0
-317715;;480.0;
-317530;255.8;;
-317511;;478.0;
-316892;;;264.0
-316887;;479.0;
-316670;;481.0;
-316609;233.4;;
-316066;;;244.0
-316059;;480.0;
-315851;;445.0;
-315784;245.2;;
-315294;;;245.0
-315280;;459.0;
-315077;;465.0;
-314947;251.6;;
-314532;;;262.0
-314522;;515.0;
-314339;;607.0;
-314250;272.6;;
-313820;;;286.0
-313813;;635.0;
-313622;246.8;;
-313615;;598.0;
-313099;;;271.0
-313095;;606.0;
-312917;257.1;;
-312905;;618.0;
-312359;;;285.0
-312348;;634.0;
-312194;256.7;;
-312160;;553.0;
-311623;;;272.0
-311601;;568.0;
-311464;251.6;;
-311436;;548.0;
-310923;;;278.0
-310920;;540.0;
-310726;241.9;;
-310723;;522.0;
-310105;;;262.0
-310101;;516.0;
-309918;239.0;;
-309912;;515.0;
-309288;;;269.0
-309283;;517.0;
-309077;;470.0;
-309063;237.8;;
-308483;;493.0;
-308478;;;260.0
-308246;;461.0;
-308218;233.2;;
-307610;;460.0;
-307600;;;263.0
-307439;226.2;;
-307372;;467.0;
-306794;227.8;;
-306727;;;263.0
-306720;;509.0;
-306500;;478.0;
-305849;;;256.0
-305845;;466.0;
-305606;;459.0;
-305545;225.8;;
-304926;;;249.0
-304919;;485.0;
-304688;;459.0;
-304597;244.8;;
-304067;;;243.0
-304054;;449.0;
-303852;;451.0;
-303705;248.6;;
-303299;;;270.0
-303287;;505.0;
-303097;;498.0;
-302951;250.2;;
-302528;;;266.0
-302522;;490.0;
-302312;;491.0;
-302282;240.7;;
-301698;;;263.0
-301687;;477.0;
-301482;;466.0;
-301276;240.2;;
-300904;;;258.0
-300898;;462.0;
-300667;;456.0;
-300330;236.0;;
-300106;;453.0;
-300085;;;245.0
-299874;;453.0;
-299452;239.0;;
-299204;;;228.0
-299192;;487.0;
-298971;;459.0;
-298522;236.1;;
-298403;;;261.0
-298372;;520.0;
-298172;;518.0;
-297788;;496.0;
-297671;231.0;;
-297147;;;254.0
-297141;;518.0;
-296943;;519.0;
-296791;224.4;;
-296243;;;253.0
-296235;;491.0;
-295995;;467.0;
-295971;217.1;;
-295335;;;229.0
-295315;;505.0;
-295110;;488.0;
-294520;;;207.0
-294516;;524.0;
-294308;;587.0;
-293980;213.1;;
-293717;;;256.0
-293715;;564.0;
-293508;;552.0;
-292850;;;244.0
-292845;;501.0;
-292618;212.7;;
-292584;;489.0;
-291925;;;251.0
-291916;;521.0;
-291829;206.7;;
-291676;;482.0;
-291107;206.0;;
-291028;;;229.0
-291009;;454.0;
-290818;;444.0;
-290455;207.6;;
-290438;;453.0;
-290079;;448.0;
-289683;;459.0;
-289417;217.1;;
-289279;;454.0;
-288780;220.4;;
-288218;;524.0;
-288203;234.9;;
-287901;;547.0;
-287575;;531.0;
-287241;;530.0;
-286883;;532.0;
-286532;;511.0;
-286283;231.0;;
-286176;;521.0;
-285877;;514.0;
-285588;230.4;;
-285545;;529.0;
-285209;;520.0;
-285086;231.4;;
-284888;;507.0;
-284545;;500.0;
-284186;;495.0;
-284178;226.4;;
-283839;;486.0;
-283481;;470.0;
-283430;228.0;;
-283120;;457.0;
-282783;;477.0;
-282416;;465.0;
-282036;;509.0;
-281835;231.3;;
-281661;;499.0;
-281303;;471.0;
-280941;;453.0;
-280561;;425.0;
-280171;;468.0;
-279808;223.7;;
-279782;;457.0;
-279352;;448.0;
-278943;;462.0;
-278396;;473.0;
-278319;215.3;;
-278197;;455.0;
-277818;;463.0;
-277370;211.0;;
-277363;;420.0;
-276760;;438.0;
-276506;;428.0;
-276400;204.5;;
-275845;;466.0;
-275599;;480.0;
-275411;202.2;;
-275151;;452.0;
-274724;;467.0;
-274376;193.2;;
-274320;;504.0;
-273874;;479.0;
-273408;;455.0;
-273400;198.4;;
-272934;;475.0;
-272466;;463.0;
-272371;194.1;;
-271998;;467.0;
-271553;;483.0;
-271360;193.9;;
-270833;;451.0;
-270562;;470.0;
-270361;190.4;;
-269882;;445.0;
-269657;;453.0;
-269306;184.7;;
-269167;;458.0;
-268698;;441.0;
-268272;198.8;;
-268252;;460.0;
-267593;;439.0;
-267348;;454.0;
-267204;194.2;;
-266898;;423.0;
-266446;;454.0;
-266231;187.2;;
-266005;;418.0;
-265567;;414.0;
-265492;188.7;;
-265118;;425.0;
-264679;;384.0;
-264376;211.7;;
-264280;;417.0;
-263843;;422.0;
-263703;199.9;;
-263419;;412.0;
-263028;;415.0;
-262645;;398.0;
-262559;228.1;;
-262273;;417.0;
-261893;;414.0;
-261512;;462.0;
-261191;;509.0;
-260980;214.6;;
-260795;;482.0;
-260387;;480.0;
-260142;208.9;;
-259998;;443.0;
-259609;;424.0;
-259207;;452.0;
-258966;205.7;;
-258849;;456.0;
-258456;;434.0;
-258403;209.6;;
-258067;;451.0;
-257721;;473.0;
-257329;;430.0;
-256941;;496.0;
-256711;203.9;;
-256562;;510.0;
-256213;;493.0;
-255672;;450.0;
-255490;;465.0;
-255150;204.0;;
-255128;;483.0;
-254743;;466.0;
-254359;201.9;;
-254350;;475.0;
-254016;;448.0;
-253597;;422.0;
-253548;199.0;;
-253204;;442.0;
-252837;;405.0;
-252492;;420.0;
-251959;;427.0;
-251738;;426.0;
-251686;195.4;;
-251351;;398.0;
-250980;;401.0;
-250789;196.7;;
-250592;;396.0;
-250207;;395.0;
-249914;195.4;;
-249782;;401.0;
-249055;213.9;;
-248670;;432.0;
-248311;;408.0;
-248183;200.2;;
-247957;;413.0;
-247596;;410.0;
-247229;;408.0;
-246901;;466.0;
-246578;;473.0;
-246088;;540.0;
-245911;;525.0;
-245731;214.7;;
-245613;;525.0;
-245123;;545.0;
-244934;;508.0;
-244582;;513.0;
-244243;;486.0;
-243934;;475.0;
-243645;;494.0;
-243491;219.4;;
-243272;;503.0;
-243130;;502.0;
-242914;230.4;;
-242900;;519.0;
-242660;;523.0;
-242435;;528.0;
-242397;236.7;;
-242205;;528.0;
-241972;;541.0;
-241906;249.9;;
-241756;;546.0;
-241488;;558.0;
-241479;252.3;;
-241396;;538.0;
-241121;263.7;;
-240973;;542.0;
-240883;;525.0;
-240723;;519.0;
-240650;;;254.0
-240647;;515.0;
-240560;;521.0;
-240406;;539.0;
-240396;280.2;;
-240334;;;243.0
-240328;;523.0;
-240248;;594.0;
-240096;;680.0;
-240057;279.0;;
-240028;;;267.0
-240027;;696.0;
-239957;;673.0;
-239804;;653.0;
-239741;;;277.0
-239740;;667.0;
-239667;;648.0;
-239428;;661.0;
-239427;;;273.0
-239416;263.2;;
-239329;;641.0;
-239154;;623.0;
-239077;;;270.0
-239075;;627.0;
-238995;259.7;;
-238987;;611.0;
-238811;;616.0;
-238723;;;261.0
-238721;;616.0;
-238629;;609.0;
-238441;;599.0;
-238356;;;257.0
-238353;;606.0;
-238263;;601.0;
-238077;;592.0;
-238023;252.8;;
-237989;;;253.0
-237984;;597.0;
-237885;;594.0;
-237711;;562.0;
-237626;;;254.0
-237624;;577.0;
-237540;;566.0;
-237527;247.4;;
-237318;;564.0;
-237207;;;267.0
-237204;;579.0;
-237099;;565.0;
-237063;245.8;;
-236998;;559.0;
-236898;;549.0;
-236804;;588.0;
-236800;;;259.0
-236691;;549.0;
-236608;245.6;;
-236465;;550.0;
-236371;;;238.0
-236368;;566.0;
-236159;;554.0;
-236031;;557.0;
-236010;;;264.0
-235924;;565.0;
-235918;239.1;;
-235815;;539.0;
-235495;;;270.0
-235482;;548.0;
-235359;;545.0;
-235344;243.1;;
-235158;;543.0;
-235045;;;267.0
-235042;;554.0;
-234912;;529.0;
-234784;247.4;;
-234661;;518.0;
-234440;;512.0;
-234164;241.4;;
-234151;;481.0;
-233970;;508.0;
-233742;;499.0;
-233530;252.1;;
-233477;;478.0;
-233128;;462.0;
-232987;;519.0;
-232867;245.2;;
-232731;;453.0;
-232481;;433.0;
-232199;;426.0;
-231924;;430.0;
-231643;;457.0;
-231377;;429.0;
-231103;;419.0;
-230811;;434.0;
-230484;;440.0;
-230185;;433.0;
-229894;;429.0;
-229455;;431.0;
-229260;;429.0;
-229116;241.6;;
-228914;;417.0;
-228572;;456.0;
-228472;233.9;;
-228231;;506.0;
-227927;;474.0;
-227473;232.4;;
-227471;;464.0;
-227311;;473.0;
-226992;;471.0;
-226642;;490.0;
-226297;;517.0;
-225938;;491.0;
-225826;224.5;;
-225582;;504.0;
-225235;;503.0;
-225077;233.1;;
-224763;;547.0;
-224761;234.5;;
-224587;;547.0;
-224306;;532.0;
-223959;235.5;;
-223956;;556.0;
-222973;215.7;;
-222950;;516.0;
-222737;;496.0;
-222382;;476.0;
-222319;203.3;;
-221918;;504.0;
-221652;;464.0;
-221316;;489.0;
-220979;;543.0;
-220629;;519.0;
-220338;;528.0;
-220080;205.6;;
-220035;;504.0;
-219694;;495.0;
-219374;;501.0;
-219038;;488.0;
-218789;208.8;;
-218729;;491.0;
-218426;;484.0;
-218115;;477.0;
-218108;207.1;;
-217825;;538.0;
-217543;;508.0;
-217266;;489.0;
-217166;216.1;;
-216998;;469.0;
-216733;;461.0;
-216475;;495.0;
-216411;214.1;;
-216218;;460.0;
-215817;;453.0;
-215692;;445.0;
-215456;;452.0;
-215216;;443.0;
-214990;;454.0;
-214452;;480.0;
-214402;240.5;;
-213965;;457.0;
-213481;;506.0;
-213475;;;241.0
-213432;245.3;;
-213015;;569.0;
-212844;251.1;;
-212569;;561.0;
-212567;;;265.0
-212509;251.7;;
-212102;;591.0;
-212034;247.5;;
-211639;;;257.0
-211638;;574.0;
-211586;242.6;;
-211320;240.3;;
-211179;;573.0;
-210766;241.4;;
-210742;;586.0;
-210741;;;251.0
-210311;;583.0;
-209908;251.2;;
-209852;;577.0;
-209400;;593.0;
-208954;;579.0;252.0
-208863;243.4;;
-208528;;558.0;
-208204;257.4;;
-208103;;565.0;
-208099;;;253.0
-207867;239.5;;
-207663;;548.0;
-207482;246.9;;
-207203;;532.0;
-207202;;;259.0
-207045;252.0;;
-206853;247.2;;
-206763;;511.0;
-206403;;515.0;
-206401;;;250.0
-206304;243.9;;
-206114;244.6;;
-205836;;504.0;
-205594;242.2;;
-205390;;513.0;
-205170;240.5;;
-204902;;499.0;
-204860;230.0;;
-204404;;;253.0
-204401;;487.0;
-204194;237.2;;
-204002;238.1;;
-203932;;506.0;
-203426;;490.0;
-203425;;;253.0
-203412;231.4;;
-202958;229.4;;
-202936;;488.0;
-202530;226.3;;
-202401;;462.0;244.0
-201887;228.6;;
-201847;;493.0;
-201367;232.2;;
-201302;;436.0;
-201299;;;245.0
-200924;231.9;;
-200726;;489.0;
-200463;244.4;;
-200213;;466.0;
-199709;;541.0;
-199344;;539.0;
-199342;;;257.0
-199213;247.6;;
-198791;;530.0;
-198398;;539.0;
-198397;;;255.0
-197968;239.1;;
-197400;;627.0;
-197399;;;254.0
-197022;250.9;;
-196954;;668.0;
-196525;;;254.0
-196515;;609.0;
-196086;;598.0;
-195632;;579.0;
-195165;;589.0;
-194666;;564.0;
-194664;;;244.0
-194229;242.6;;
-194154;;548.0;
-193723;241.2;;
-193655;;534.0;
-193654;;;250.0
-193113;;530.0;
-193067;226.4;;
-192550;;488.0;
-192549;;;248.0
-191965;;472.0;
-191531;220.0;;
-191329;;493.0;
-191327;;;232.0
-190960;226.5;;
-190742;;503.0;
-190150;;512.0;
-189652;;496.0;
-189120;;471.0;
-189115;;;251.0
-188402;218.0;;
-188309;;470.0;
-187663;;;216.0
-187651;;432.0;
-187126;220.3;;
-187073;;423.0;
-186547;;425.0;
-186545;;;227.0
-186486;231.4;;
-185981;;462.0;
-185466;;446.0;
-185456;;;254.0
-184962;;437.0;
-184747;231.3;;
-184256;;447.0;
-183593;;459.0;
-182912;;;216.0
-182905;;476.0;
-182735;210.7;;
-182258;;514.0;
-181766;;532.0;
-181760;;;220.0
-180965;;530.0;
-180323;;528.0;
-180309;;;227.0
-180096;203.4;;
-179614;;496.0;
-179069;;496.0;
-179061;;;242.0
-178270;;490.0;
-178118;199.7;;
-177627;;452.0;
-177167;198.1;;
-176969;;483.0;
-176471;;479.0;
-176468;;;234.0
-176229;217.7;;
-175828;;542.0;
-175301;;550.0;
-175298;;;258.0
-175189;213.2;;
-174724;;547.0;
-174079;;499.0;271.0
-173391;;466.0;
-173356;207.7;;
-172794;;;219.0
-172789;;471.0;
-172236;;457.0;
-171683;;427.0;
-171444;190.1;;
-171189;;456.0;
-171185;189.4;;
-170484;190.3;;
-170480;;433.0;
-170474;;;229.0
-169401;196.0;;
-169397;;480.0;
-169395;;;250.0
-168816;;484.0;
-168213;;448.0;
-168210;;;246.0
-167603;;442.0;
-167542;197.7;;
-167051;;478.0;
-167049;;;242.0
-166542;;445.0;
-166061;;496.0;
-165540;;495.0;
-165233;197.8;;
-164957;;479.0;
-164956;;;241.0
-164360;;449.0;
-163783;;433.0;
-163781;;;232.0
-163198;;424.0;
-162599;;384.0;212.0
-162489;196.6;;
-162024;;393.0;
-161748;183.8;;
-161415;;417.0;
-161414;;;205.0
-161074;186.7;;
-160896;;411.0;
-160371;;442.0;
-160278;190.1;;
-159840;;413.0;
-159729;191.6;;
-159389;;424.0;
-159381;;;226.0
-158661;;410.0;
-158058;;415.0;
-158056;;;213.0
-157993;196.5;;
-157612;204.3;;
-157526;;407.0;
-157048;;440.0;
-157047;;;236.0
-156570;;407.0;
-156047;;410.0;
-156046;;;210.0
-155481;;400.0;
-154833;;422.0;
-154208;;399.0;
-153863;187.5;;
-153615;;407.0;
-153613;;;204.0
-153445;185.5;;
-153072;;385.0;
-152530;189.0;;
-152515;;393.0;
-152507;;;202.0
-151972;;403.0;
-151389;;;186.0
-151388;;402.0;
-150831;;413.0;
-150411;;426.0;
-150392;;;252.0
-149765;;422.0;
-149473;200.6;;
-149233;;432.0;
-148698;;400.0;
-148178;;;258.0
-148176;;404.0;
-147971;188.9;;
-147853;191.9;;
-147686;;441.0;
-147243;;;233.0
-147240;;433.0;
-146881;203.0;;
-146632;;428.0;
-146084;;471.0;
-146083;;;223.0
-145559;;423.0;
-145099;;;224.0
-145098;;421.0;
-144483;;410.0;
-144079;;402.0;
-143449;;391.0;
-143413;196.9;;
-142884;;375.0;
-142882;;;216.0
-142352;;401.0;
-141849;;401.0;
-141835;;;248.0
-141260;;385.0;
-140827;;375.0;218.0
-140217;;368.0;
-140108;190.4;;
-139671;;;236.0
-139668;;359.0;
-139125;;349.0;
-139010;196.4;;
-138949;195.6;;
-138568;;342.0;
-138021;;358.0;
-137667;196.5;;
-137462;;;266.0
-137455;;432.0;
-137325;192.3;;
-136919;;368.0;
-136501;;406.0;
-136500;;;225.0
-136235;190.2;;
-136032;194.2;;
-135869;;395.0;
-135683;193.4;;
-135575;;395.0;
-135568;;;244.0
-135343;194.3;;
-134856;;375.0;
-134705;201.1;;
-134617;195.8;;
-134427;;;233.0
-134422;;409.0;
-134301;202.4;;
-134061;200.7;;
-133933;201.7;;
-133853;;382.0;
-133653;198.0;;
-133352;;404.0;
-133257;198.0;;
-133164;200.4;;
-133010;204.5;;
-132850;;415.0;
-132439;;436.0;
-132437;;;211.0
-132337;203.7;;
-132173;208.9;;
-132034;;428.0;
-131656;;;240.0
-131653;;506.0;
-131477;210.6;;
-131289;;449.0;
-131155;220.3;;
-131119;223.9;;
-130926;;460.0;226.0
-130596;;462.0;
-130542;223.5;;
-130258;;461.0;
-130257;;;219.0
-129956;;456.0;
-129778;228.9;;
-129674;;479.0;
-129505;240.4;;
-129401;;494.0;
-129379;245.0;;
-129163;;493.0;
-129158;;;229.0
-128925;;487.0;
-128690;;518.0;225.0
-128459;;521.0;
-128284;;;233.0
-128283;;499.0;
-128061;;512.0;
-127857;;;244.0
-127856;;515.0;
-127786;259.0;;
-127702;257.9;;
-127679;;531.0;
-127495;;551.0;
-127390;263.4;;
-127324;;552.0;
-127196;264.1;;
-127147;;537.0;
-127146;;;243.0
-126971;;535.0;
-126916;282.6;;
-126800;;644.0;253.0
-126659;286.8;;
-126635;;726.0;
-126473;;722.0;265.0
-126422;287.1;;
-126394;274.0;;
-126320;;704.0;
-126159;;;268.0
-126158;;715.0;
-125983;;706.0;
-125957;275.6;;
-125824;;692.0;
-125687;;679.0;
-125672;275.3;;
-125646;;681.0;
-125471;;677.0;
-125469;;;256.0
-125278;;670.0;
-125182;262.6;;
-125080;;646.0;254.0
-124936;262.5;;
-124906;;650.0;
-124729;;651.0;255.0
-124648;267.1;;
-124537;;640.0;
-124397;273.7;;
-124322;;660.0;252.0
-124109;;650.0;
-123915;;658.0;
-123684;;656.0;
-123486;;647.0;263.0
-123484;277.1;;
-123312;273.0;;
-123275;;642.0;
-123131;279.7;;
-123071;;642.0;
-123068;;;263.0
-122872;;627.0;
-122839;266.3;;
-122704;;632.0;
-122702;;;265.0
-122440;;622.0;
-122307;266.6;;
-122263;268.7;;
-122243;;621.0;
-122239;;;262.0
-122048;;614.0;
-121850;;611.0;
-121639;;616.0;
-121438;;615.0;
-121436;;;262.0
-121232;;608.0;
-121120;276.4;;
-121054;;;262.0
-121053;;607.0;
-120817;;607.0;
-120606;;;263.0
-120605;;599.0;
-120407;;608.0;
-120394;272.1;;
-120211;;607.0;257.0
-119997;;609.0;
-119792;;603.0;
-119586;;610.0;
-119384;;613.0;
-119383;;;266.0
-119173;;601.0;
-119067;277.6;;
-118965;;598.0;
-118963;;;267.0
-118763;;613.0;
-118548;;;263.0
-118547;;591.0;
-118432;265.2;;
-118323;;568.0;
-118120;;576.0;
-118119;;;262.0
-117892;;566.0;
-117722;271.9;;
-117679;;571.0;
-117462;;567.0;
-117290;;591.0;
-117289;;;254.0
-117013;;579.0;
-116794;;578.0;
-116793;;;274.0
-116699;273.7;;
-116559;;565.0;
-116319;;579.0;
-116318;;;271.0
-116086;;545.0;
-115866;;548.0;
-115865;;;259.0
-115800;267.6;;
-115390;;546.0;
-115145;;533.0;
-114892;;544.0;257.0
-114649;;528.0;
-114551;262.5;;
-114390;;;251.0
-114388;;504.0;
-114123;;495.0;
-113863;;501.0;
-113861;;;257.0
-113586;;496.0;
-113315;;501.0;251.0
-113168;273.2;;
-113052;;472.0;
-112779;;474.0;
-112651;274.5;;
-112506;;473.0;
-112146;261.4;;
-111937;;471.0;
-111646;;471.0;
-111644;;;255.0
-111384;;451.0;
-111312;266.3;;
-111005;;;251.0
-111003;;467.0;
-110683;;464.0;
-110361;;455.0;249.0
-110035;;456.0;
-109912;256.7;;
-109699;;474.0;
-109359;;473.0;
-109032;;496.0;247.0
-108720;;492.0;
-108384;;;233.0
-108380;;505.0;
-108043;;502.0;
-107854;251.2;;
-107699;;509.0;
-107698;;;256.0
-107361;;495.0;
-107012;;508.0;
-107007;;;250.0
-106627;;486.0;
-106235;;475.0;
-106203;245.6;;
-105868;;464.0;
-105629;238.2;;
-105530;;460.0;
-105529;;;230.0
-105207;;445.0;
-104899;;483.0;244.0
-104598;;591.0;
-104326;;595.0;
-104324;;;271.0
-104042;;601.0;
-103749;;618.0;
-103748;;;266.0
-103686;230.6;;
-103414;;572.0;
-103084;;596.0;
-102774;;602.0;
-102754;236.9;;
-102470;;581.0;257.0
-102154;;573.0;
-101837;;559.0;
-101835;;;242.0
-101515;228.1;;
-101508;;515.0;
-101207;;498.0;234.0
-100893;;470.0;
-100592;;472.0;
-100590;;;233.0
-100295;;509.0;
-100072;;491.0;
-99799;236.9;;
-99741;;511.0;
-99481;;542.0;
-99480;;;249.0
-99219;;538.0;
-98949;;547.0;262.0
-98887;230.8;;
-98669;;537.0;
-98379;;547.0;
-98376;;;254.0
-98074;;530.0;
-97899;225.8;;
-97805;;530.0;256.0
-97542;;525.0;
-97273;;526.0;
-96992;;526.0;
-96716;;524.0;
-96715;;;255.0
-96443;;512.0;
-96195;;511.0;257.0
-95934;;506.0;
-95673;;;242.0
-95672;;505.0;
-95396;;487.0;
-95136;;;257.0
-95135;;491.0;
-94876;;501.0;
-94607;;495.0;
-94348;;479.0;
-94073;;;254.0
-94071;;486.0;
-93809;;464.0;
-93538;;453.0;263.0
-93286;;435.0;
-93013;;442.0;244.0
-92751;;453.0;
-92507;;436.0;238.0
-92403;232.0;;
-92248;;454.0;
-91991;;434.0;
-91733;;442.0;
-91481;;436.0;230.0
-90942;;439.0;
-90938;;;246.0
-90662;;442.0;
-90396;;437.0;
-90394;;;245.0
-90113;;437.0;
-89849;;;236.0
-89847;;447.0;
-89602;;448.0;
-89299;228.3;;
-89288;;432.0;
-89012;;437.0;
-88744;;461.0;
-88741;;;239.0
-88450;;447.0;
-88407;224.2;;
-88164;;445.0;
-88163;;;241.0
-87634;;;241.0
-87631;;463.0;
-87372;;476.0;
-87111;;494.0;246.0
-86828;;494.0;
-86559;;501.0;
-86555;;;248.0
-86251;;508.0;
-85967;208.0;;
-85951;;502.0;
-85950;;;232.0
-85664;;507.0;
-85390;;480.0;
-85386;;;244.0
-85054;;446.0;
-84776;;448.0;
-84775;;;225.0
-84522;;429.0;
-84258;;468.0;
-84257;;;215.0
-84231;217.0;;
-83996;;425.0;
-83816;;429.0;
-83491;;454.0;
-83255;;452.0;
-83251;;;220.0
-83070;214.2;;
-82999;;443.0;
-82751;;450.0;
-82750;;;230.0
-82511;;445.0;
-82275;;464.0;
-82273;;;243.0
-82066;228.0;;
-82022;;465.0;
-81789;;485.0;239.0
-81561;;515.0;
-81383;236.4;;
-81327;;560.0;
-81117;;631.0;
-80916;;629.0;
-80915;;;267.0
-80690;;622.0;
-80468;;616.0;266.0
-80467;241.1;;
-80262;;617.0;
-80033;;606.0;265.0
-79791;;571.0;
-79574;;595.0;
-79572;;;271.0
-79334;;576.0;
-79126;;584.0;
-78852;;548.0;
-78664;230.9;;
-78620;;549.0;
-78618;;;251.0
-78372;;550.0;
-78154;;535.0;262.0
-77924;;563.0;
-77676;;536.0;261.0
-77448;;515.0;
-77197;;515.0;
-77196;;;250.0
-76961;;512.0;
-76696;;497.0;
-76416;;487.0;
-76233;221.7;;
-76200;;477.0;262.0
-75935;;463.0;
-75644;;450.0;
-75642;;;256.0
-75367;;475.0;
-75200;217.1;;
-75106;;472.0;
-75104;;;250.0
-74846;;442.0;
-74579;;442.0;
-74578;;;228.0
-74291;;466.0;
-74022;;422.0;
-73762;;438.0;
-73475;;424.0;
-73472;;;235.0
-73189;;415.0;
-72935;;416.0;
-72933;;;226.0
-72681;;461.0;
-72442;;;255.0
-72441;;477.0;
-72207;;467.0;
-71966;;469.0;274.0
-71735;;461.0;
-71483;;451.0;
-71277;229.1;;
-71175;;452.0;
-70904;;448.0;
-70903;;;254.0
-70579;;453.0;
-70259;;457.0;
-70257;;;234.0
-69941;;432.0;
-69661;;432.0;
-69660;;;216.0
-69403;;431.0;
-69149;;;220.0
-69148;;449.0;
-69099;227.3;;
-68916;;482.0;
-68683;;475.0;
-68495;;470.0;
-68221;;473.0;
-68216;;;251.0
-67983;;490.0;
-67636;;450.0;
-67635;;;232.0
-67410;;462.0;
-67026;;460.0;
-67022;;;217.0
-66734;;474.0;
-66329;;456.0;
-66328;;;213.0
-66086;;451.0;
-65782;;480.0;
-65482;;471.0;
-65126;;453.0;
-65125;;;209.0
-64868;;459.0;
-64539;;449.0;
-64536;;;218.0
-64305;;461.0;
-63989;194.9;;
-63980;;;224.0
-63976;;444.0;
-63665;;476.0;
-63309;;457.0;
-63302;;;215.0
-63034;;461.0;
-62989;191.4;;
-62704;;462.0;
-62400;;440.0;
-62067;;434.0;
-62066;;;215.0
-61817;;489.0;
-61482;;484.0;241.0
-61253;;468.0;
-60909;195.3;;
-60869;;444.0;248.0
-60606;;444.0;
-60252;;430.0;
-60251;;;214.0
-60007;;439.0;
-59697;;431.0;
-59101;;432.0;229.0
-58898;;437.0;
-58862;;412.0;
-58598;;425.0;
-58596;;;236.0
-58391;;430.0;
-58099;;426.0;223.0
-57915;;443.0;
-57640;;425.0;
-57634;;;228.0
-57416;;435.0;
-57104;;442.0;
-56930;;454.0;
-56660;;523.0;
-56659;;;269.0
-56441;;502.0;
-56208;;554.0;283.0
-56043;;561.0;
-55771;;520.0;
-55770;;;263.0
-55707;210.4;;
-55586;;515.0;
-55306;;542.0;
-55305;;;256.0
-55138;221.7;;
-54893;;554.0;
-54840;;543.0;
-54642;;550.0;
-54366;;546.0;248.0
-53857;;483.0;
-53854;;;219.0
-53846;;534.0;
-53642;;466.0;
-53338;;461.0;
-53337;;;236.0
-53135;;514.0;
-52881;;476.0;
-52879;;;257.0
-52453;;462.0;
-52150;;437.0;
-51922;;438.0;
-51919;;;249.0
-51739;;438.0;
-51482;;513.0;
-51480;;;251.0
-51249;;535.0;
-51040;;;269.0
-51039;;530.0;
-50864;;529.0;
-50582;;543.0;261.0
-50432;190.4;;
-50399;;567.0;
-50170;;527.0;
-49933;;531.0;
-49671;;517.0;
-49669;;;264.0
-49477;;544.0;
-49194;;515.0;
-49191;;;249.0
-48971;;510.0;
-48713;215.7;;
-48672;;493.0;
-48671;;;242.0
-48491;;489.0;
-48242;;470.0;
-48241;;;243.0
-47940;;492.0;
-47766;;452.0;
-47740;210.1;;
-47538;;434.0;
-47307;;464.0;
-47306;;;224.0
-46989;;461.0;
-46904;188.4;;
-46728;;435.0;
-46727;;;229.0
-46223;;414.0;220.0
-46002;;453.0;
-45719;;;232.0
-45718;;437.0;
-45521;;425.0;
-45386;189.3;;
-45271;;441.0;
-45238;;432.0;
-45038;;440.0;
-44795;;493.0;
-44794;;;257.0
-44599;;499.0;
-44389;;514.0;270.0
-44264;;497.0;
-43927;;499.0;251.0
-43748;;487.0;
-43465;;;249.0
-43464;;467.0;
-43284;;490.0;
-43039;;462.0;
-43033;;;234.0
-42725;;469.0;
-42453;;427.0;241.0
-42212;;431.0;
-41913;;411.0;
-41911;;;228.0
-41640;;415.0;
-41550;209.1;;
-41487;;437.0;
-41395;;463.0;
-41393;;;235.0
-41169;;482.0;
-41086;;486.0;
-40938;;;245.0
-40934;;470.0;
-40889;;471.0;
-40729;;446.0;
-40546;;456.0;
-40346;;415.0;
-40213;;416.0;
-40101;;429.0;
-39978;;;220.0
-39977;;414.0;
-39737;;458.0;
-39511;;467.0;
-39420;;465.0;
-39419;;;240.0
-39401;;465.0;
-39315;;462.0;
-39307;;465.0;
-39273;;457.0;
-39216;;442.0;
-39160;;433.0;
-39119;;434.0;
-39108;;420.0;
-39107;;;224.0
-39001;;433.0;
-38911;;;232.0
-38910;;422.0;
-38898;;447.0;
-38854;;426.0;
-38699;;419.0;
-38686;;413.0;
-38685;;;217.0
-38475;;420.0;
-38421;;429.0;243.0
-38344;;450.0;
-38269;;440.0;
-38261;;448.0;
-38212;;442.0;
-38102;;414.0;
-38082;;;233.0
-38081;;422.0;
-38047;;424.0;
-37858;;411.0;
-37841;;419.0;
-37804;;419.0;
-37641;;427.0;
-37639;;;220.0
-37425;;;219.0
-37423;;444.0;
-37226;;450.0;
-37070;;441.0;217.0
-36847;;455.0;
-36698;;;213.0
-36471;;440.0;
-36287;;443.0;222.0
-36095;;526.0;
-35943;;481.0;231.0
-35899;;540.0;
-35801;;539.0;
-35725;;547.0;
-35609;;544.0;
-35574;;557.0;
-35569;;;255.0
-35565;;560.0;
-35521;209.1;;
-35456;;580.0;
-35417;;563.0;
-35348;;572.0;
-35250;;548.0;
-35239;;;249.0
-35238;;536.0;
-35177;;587.0;
-35038;;534.0;
-34987;;534.0;
-34663;;524.0;
-34572;;494.0;246.0
-34424;;469.0;
-34358;;471.0;
-34155;;;224.0
-34154;;441.0;
-34050;;440.0;
-33943;;441.0;
-33891;;425.0;
-33814;;426.0;
-33702;;;217.0
-33700;;444.0;
-33539;;421.0;
-33380;;427.0;
-33288;;492.0;
-33231;;498.0;
-33111;;514.0;
-33109;;;227.0
-33059;205.3;;
-32996;;513.0;
-32954;;520.0;
-32951;;519.0;
-32718;;489.0;
-32717;;;226.0
-32628;;457.0;
-32581;;447.0;
-32387;;428.0;
-32386;;;224.0
-32235;;430.0;
-32129;;430.0;
-32096;;420.0;
-31907;;419.0;
-31906;;;224.0
-31860;;415.0;
-31785;;426.0;
-31738;;479.0;222.0
-31530;;461.0;
-31302;;;220.0
-31298;;444.0;
-31252;;443.0;
-31198;;440.0;
-31110;;428.0;
-31076;;424.0;
-30957;;;218.0
-30954;;432.0;
-30864;;415.0;
-30818;;404.0;
-30695;;405.0;
-30638;;410.0;
-30465;;409.0;
-30464;;;220.0
-30420;;452.0;
-30304;;431.0;
-30213;;471.0;
-30119;;457.0;
-30056;;;231.0
-29945;;441.0;
-29843;;422.0;
-29806;;427.0;
-29454;;412.0;
-29451;;;223.0
-29248;;404.0;
-29025;;;213.0
-29024;;392.0;
-28811;;408.0;
-28668;;410.0;
-28667;;;216.0
-28198;;392.0;
-28070;191.7;;
-28030;;399.0;
-28029;;;199.0
-27751;;391.0;
-27369;;368.0;
-27367;;;211.0
-27141;;388.0;
-27113;188.5;;
-26998;;;203.0
-26814;;444.0;
-26552;;414.0;
-26549;;;221.0
-26336;;402.0;
-26186;;399.0;
-26185;;;228.0
-25946;;382.0;
-25730;;426.0;
-25729;;;220.0
-25554;;406.0;
-25386;;396.0;
-25384;;;221.0
-25124;;386.0;
-24968;;387.0;
-24964;;;231.0
-24681;;396.0;
-24044;191.6;;
-24040;;364.0;
-23875;;;217.0
-23874;;355.0;
-23649;;365.0;
-23386;;;235.0
-23379;;370.0;
-22977;;372.0;
-22771;;389.0;202.0
-22566;;373.0;
-22349;;360.0;227.0
-22134;;375.0;
-21939;;;202.0
-21938;;398.0;
-21797;;386.0;
-21522;;390.0;
-21521;;;210.0
-21329;;390.0;
-21181;;;206.0
-21180;;390.0;
-20945;;385.0;
-20877;189.2;;
-20768;;407.0;
-20765;;;219.0
-20065;184.4;;
-20040;;;226.0
-20036;;355.0;
-19904;185.7;;
-19836;;357.0;
-19835;;;240.0
-19557;186.1;;
-19520;;357.0;239.0
-19307;184.7;;
-19269;;;229.0
-19268;;354.0;
-19061;186.5;;
-19027;;;244.0
-19004;;365.0;
-18798;186.9;;
-18762;;;279.0
-18758;;378.0;
-18552;187.8;;
-18519;;367.0;
-18517;;;243.0
-18516;;384.0;
-18247;195.0;;
-18218;188.2;;
-18174;;375.0;242.0
-18038;188.0;;
-18013;;374.0;
-18012;;;222.0
-17798;190.0;;
-17745;;;243.0
-17743;;351.0;
-17732;;;243.0
-17730;;356.0;
-17559;188.8;;
-17529;;377.0;
-17528;;;244.0
-17501;;358.0;
-17397;188.7;;
-17367;;366.0;
-17366;;;225.0
-16971;188.3;;
-16941;;;218.0
-16940;;379.0;
-16923;;373.0;
-16918;192.3;;
-16878;189.4;;
-16591;188.6;;
-16569;;371.0;
-16568;;;204.0
-16558;;378.0;
-16540;;371.0;
-16335;187.0;;
-16307;;;253.0
-16306;;375.0;
-15993;189.2;;
-15973;;371.0;
-15972;;;241.0
-15959;;377.0;
-15859;188.5;;
-15839;;366.0;
-15833;;;223.0
-15615;188.5;;
-15593;;384.0;
-15592;;;237.0
-15581;;366.0;
-15556;;375.0;
-15425;191.0;;
-15368;;;231.0
-15366;;371.0;
-15161;193.9;;
-15133;;;223.0
-15125;;389.0;
-15096;;395.0;
-14920;195.2;;
-14883;;381.0;
-14881;;;256.0
-14876;;408.0;
-14874;;;234.0
-14709;200.8;;
-14685;;;228.0
-14667;;404.0;
-14654;;409.0;
-14502;202.9;;
-14481;;;227.0
-14480;;405.0;
-14310;207.7;;
-14293;;427.0;
-14292;;;224.0
-14263;;424.0;
-14123;207.5;;
-14110;;419.0;
-14106;;;231.0
-13936;214.0;;
-13920;;473.0;
-13919;;;226.0
-13915;;438.0;
-13894;;441.0;
-13792;219.4;;
-13790;;;220.0
-13620;220.9;;
-13605;;456.0;223.0
-13595;;441.0;
-13488;221.0;;
-13443;;452.0;244.0
-13283;222.0;;
-13267;;451.0;222.0
-13253;;463.0;
-13062;224.5;;
-13018;;;242.0
-13016;;476.0;
-12940;225.2;;
-12921;;;240.0
-12920;;470.0;
-12775;226.1;;
-12761;;459.0;233.0
-12605;;469.0;
-12600;228.4;;
-12597;;470.0;
-12585;;461.0;
-12584;;;238.0
-12362;;476.0;
-12353;228.5;;
-12339;;465.0;240.0
-12060;;569.0;
-12001;;597.0;
-11998;239.1;;
-11992;;578.0;
-11991;;;268.0
-11854;238.6;;
-11821;;612.0;271.0
-11703;238.6;;
-11697;;;268.0
-11696;;630.0;
-11687;;623.0;
-11675;;619.0;
-11592;239.2;;
-11551;;;257.0
-11547;;613.0;
-11490;236.4;;
-11478;;619.0;262.0
-11468;;625.0;
-11406;;628.0;
-11305;;646.0;262.0
-11291;237.6;;
-11140;237.9;;
-11129;;653.0;
-11127;;;258.0
-11120;;670.0;
-10992;237.3;;
-10960;;662.0;
-10959;;;267.0
-10934;;661.0;
-10810;238.3;;
-10798;;;265.0
-10797;;646.0;
-10786;;610.0;
-10692;234.2;;
-10655;;643.0;
-10654;;;252.0
-10546;237.6;;
-10535;;627.0;
-10533;;;247.0
-10527;;651.0;
-10421;237.5;;
-10388;;542.0;253.0
-10172;240.3;;
-10144;;479.0;
-10100;243.2;;
-10089;;467.0;245.0
-10083;;480.0;
-10008;246.6;;
-9973;;;243.0
-9971;;462.0;
-9946;245.3;;
-9869;245.3;;
-9858;;483.0;238.0
-9848;;462.0;
-9777;250.7;;
-9767;;477.0;
-9748;;;236.0
-9726;251.1;;
-9685;249.7;;
-9675;;468.0;239.0
-9660;;488.0;
-9630;250.7;;
-9519;253.8;;
-9486;253.9;;
-9461;;;245.0
-9460;;469.0;
-9442;255.4;;
-9388;260.8;;
-9383;;559.0;
-9380;;;245.0
-9375;;643.0;
-9328;258.8;;
-9286;265.2;;
-9266;;665.0;
-9264;;;256.0
-9251;263.0;;
-9186;264.0;;
-9180;;654.0;253.0
-9174;;653.0;
-9137;264.5;;
-9128;;633.0;
-9127;;;265.0
-9116;;650.0;
-9064;264.2;;
-8983;264.1;;
-8975;;703.0;269.0
-8945;264.4;;
-8922;;679.0;
-8877;265.3;;
-8868;;673.0;264.0
-8862;;694.0;
-8855;265.0;;
-8794;264.8;;
-8757;;681.0;
-8756;;;266.0
-8709;;685.0;
-8671;264.8;;
-8662;;666.0;269.0
-8654;;671.0;
-8577;267.6;;
-8568;;652.0;
-8567;;;274.0
-8528;;669.0;
-8467;265.1;;
-8459;;661.0;264.0
-8444;;672.0;
-8344;266.0;;
-8324;;688.0;
-8321;;;273.0
-8303;;682.0;
-8259;266.9;;
-8254;;678.0;268.0
-8242;;694.0;
-8148;;698.0;
-8147;;;272.0
-8138;267.5;;
-8086;;717.0;
-8033;264.9;;
-8012;;678.0;
-8011;;;270.0
-7959;265.7;;
-7933;;;269.0
-7932;;685.0;
-7885;;675.0;
-7857;263.4;;
-7851;;682.0;
-7849;;;259.0
-7844;;670.0;
-7771;264.0;;
-7769;;674.0;
-7750;;676.0;
-7749;;;260.0
-7690;;693.0;
-7647;264.2;;
-7642;;683.0;
-7638;;;255.0
-7637;;689.0;
-7586;264.4;;
-7583;;685.0;
-7560;;682.0;
-7559;;;260.0
-7510;;675.0;
-7441;;676.0;
-7367;263.8;;
-7362;;674.0;
-7360;;;261.0
-7355;;671.0;
-7331;;675.0;
-7282;263.0;;
-7257;;663.0;256.0
-7199;;666.0;
-7190;260.9;;
-7185;;665.0;258.0
-7184;;664.0;
-7142;260.6;;
-7135;;665.0;
-7133;;;256.0
-7131;;671.0;
-7070;;664.0;
-7023;265.2;;
-7011;;671.0;
-7005;;;260.0
-6956;;648.0;
-6919;263.8;;
-6893;;;260.0
-6892;;657.0;
-6882;;674.0;
-6834;263.7;;
-6822;;;258.0
-6821;;658.0;
-6814;;676.0;
-6758;;675.0;
-6703;262.0;;
-6698;;659.0;258.0
-6694;;671.0;
-6629;259.3;;
-6601;;;266.0
-6599;;657.0;
-6573;;662.0;
-6527;260.4;;
-6503;;;265.0
-6502;;654.0;
-6485;;654.0;
-6437;260.9;;
-6428;;660.0;
-6426;;;259.0
-6421;;648.0;
-6381;;665.0;
-6331;259.0;;
-6324;;;262.0
-6323;;649.0;
-6319;;647.0;
-6252;;660.0;
-6231;261.8;;
-6221;;641.0;257.0
-6207;;;256.0
-6205;;642.0;
-6158;;640.0;
-6139;;651.0;
-6118;;624.0;
-6116;;633.0;
-6103;;626.0;
-6100;260.7;;
-6089;;606.0;
-6083;;;256.0
-6062;;632.0;
-6040;261.3;;
-6035;;660.0;
-6009;;;259.0
-6007;;624.0;
-5963;;613.0;
-5942;;589.0;
-5926;258.3;;
-5924;;612.0;
-5921;;600.0;
-5907;;598.0;
-5906;;;253.0
-5891;;620.0;
-5873;;614.0;
-5831;259.3;;
-5828;;612.0;
-5819;;611.0;254.0
-5812;;620.0;
-5773;;618.0;
-5754;;623.0;
-5741;259.6;;
-5738;;620.0;
-5721;;;259.0
-5720;;623.0;
-5710;;619.0;
-5666;;620.0;
-5640;260.8;;
-5623;;623.0;257.0
-5594;;617.0;
-5573;;617.0;
-5557;259.2;;
-5549;;;256.0
-5548;;610.0;
-5546;;625.0;
-5480;;617.0;
-5463;259.7;;
-5458;;602.0;
-5455;;612.0;258.0
-5370;260.4;;
-5360;;623.0;
-5342;;;262.0
-5339;;602.0;
-5303;;618.0;
-5284;260.1;;
-5259;;618.0;258.0
-5177;;623.0;
-5162;258.4;;
-5156;;607.0;
-5155;;612.0;264.0
-5078;260.7;;
-5070;;610.0;
-5069;;;263.0
-5066;;631.0;
-5011;;614.0;
-4991;263.0;;
-4974;;607.0;
-4973;;;257.0
-4951;;633.0;
-4888;262.3;;
-4867;;605.0;259.0
-4788;;608.0;
-4763;257.6;;
-4759;;603.0;
-4758;;636.0;
-4755;;;256.0
-4741;;604.0;
-4687;;607.0;
-4667;258.1;;
-4661;;;265.0
-4660;;595.0;
-4657;;601.0;
-4648;;599.0;
-4595;262.9;;
-4592;;602.0;
-4591;;;259.0
-4553;;602.0;
-4503;;617.0;
-4484;262.1;;
-4454;;588.0;260.0
-4435;;587.0;
-4404;259.4;;
-4400;;581.0;
-4396;;580.0;
-4395;;;259.0
-4391;;577.0;
-4354;;592.0;
-4314;;583.0;
-4313;261.1;;
-4307;;577.0;
-4306;;;253.0
-4302;;590.0;
-4181;261.2;;
-4166;;590.0;
-4164;;;254.0
-4108;;597.0;
-4089;262.7;;
-4083;;581.0;261.0
-4079;;597.0;
-4072;;592.0;
-4048;263.2;;
-4043;;602.0;
-4039;;564.0;256.0
-3965;;584.0;
-3920;;570.0;
-3905;265.5;;
-3884;;575.0;259.0
-3766;266.7;;
-3762;;586.0;
-3740;;;264.0
-3734;;584.0;
-3707;260.7;581.0;
-3703;;570.0;
-3702;;;264.0
-3701;;578.0;
-3693;;571.0;
-3648;;591.0;
-3612;265.5;;
-3607;;568.0;
-3605;;;256.0
-3600;;563.0;
-3576;;581.0;
-3526;265.9;;
-3524;;580.0;
-3508;;566.0;
-3506;;;266.0
-3468;;570.0;
-3420;267.6;;
-3415;;;261.0
-3414;;565.0;
-3387;;577.0;
-3324;265.2;;
-3322;;564.0;
-3320;;561.0;265.0
-3271;;574.0;
-3210;265.3;;
-3206;;558.0;
-3205;;;261.0
-3199;;553.0;
-3162;;551.0;
-3144;267.6;;
-3118;;563.0;
-3054;269.8;;
-3052;;561.0;
-3050;;;260.0
-2924;268.6;;
-2918;;568.0;
-2916;;;255.0
-2914;;573.0;
-2899;;570.0;
-2873;;579.0;
-2816;269.3;;
-2806;;;260.0
-2805;;563.0;
-2790;;570.0;
-2753;270.7;;
-2751;;560.0;
-2733;;563.0;
-2732;;;268.0
-2675;;560.0;
-2639;;580.0;
-2623;271.5;;
-2602;;;259.0
-2601;;560.0;
-2546;;580.0;
-2530;269.8;;
-2524;;562.0;
-2523;;;269.0
-2521;;582.0;
-2511;;568.0;
-2490;;570.0;
-2424;269.1;;
-2416;;570.0;
-2415;;;263.0
-2407;;584.0;
-2375;;579.0;
-2374;271.1;;
-2359;;568.0;269.0
-2355;;577.0;270.0
-2223;;582.0;
-2211;271.5;;
-2192;;570.0;
-2191;;;271.0
-2146;272.8;;
-2132;;563.0;
-2131;;;265.0
-2129;;576.0;
-2128;;;262.0
-2054;271.6;;
-2044;;568.0;262.0
-2036;;549.0;
-2015;;575.0;
-1960;271.7;;
-1955;;578.0;264.0
-1942;;574.0;
-1840;274.9;;
-1823;;576.0;
-1822;;;256.0
-1771;275.4;;
-1747;;581.0;261.0
-1740;;578.0;
-1672;271.5;;
-1664;;578.0;
-1662;;;260.0
-1652;;596.0;
-1622;;575.0;
-1573;273.0;;
-1567;;560.0;261.0
-1556;;570.0;
-1503;273.4;;
-1483;;573.0;261.0
-1410;;589.0;
-1386;275.0;;
-1358;;581.0;
-1357;;;262.0
-1265;274.0;;
-1260;;568.0;
-1258;;;262.0
-1189;;589.0;
-1166;273.1;;
-1157;;576.0;
-1156;;;264.0
-1103;276.3;;
-1078;;;268.0
-1076;;573.0;
-1048;;581.0;
-952;274.6;;
-927;;577.0;268.0
-907;;577.0;
-856;276.3;;
-850;;578.0;
-849;;;268.0
-843;;580.0;
-785;;583.0;
-778;274.7;;
-774;;588.0;
-770;;580.0;
-769;;;263.0
-767;;590.0;
-674;;586.0;
-654;275.3;;
-653;;;267.0
-652;;592.0;
-586;278.9;;
-569;;590.0;
-566;;;271.0
-565;;603.0;
-532;;579.0;
-483;273.9;;
-476;;;268.0
-474;;592.0;
-464;;604.0;
-439;;593.0;
-384;277.9;;
-375;;597.0;268.0
-371;;594.0;
-359;;595.0;
-325;;597.0;
-262;277.6;;
-258;;602.0;
-257;;;268.0
-178;276.7;;
-169;;609.0;268.0
-165;;594.0;
-154;;591.0;
-107;276.7;;
-95;;604.0;264.0
-45;;599.0;
-1;;605.0;
19;276.9;;
43;;613.0;
44;;;267.0
138;278.0;;
157;;613.0;
158;;;268.0
176;;618.0;
217;278.7;;
223;;;269.0
224;;623.0;
233;;615.0;
273;;623.0;
312;278.9;;
321;;623.0;
322;;;264.0
330;;610.0;
398;280.0;;
399;;630.0;
423;;632.0;266.0
497;279.2;;
507;;638.0;
519;;631.0;263.0
600;277.4;;
601;;650.0;
612;;635.0;
613;;;261.0
702;;635.0;
717;278.7;;
725;;629.0;
733;;643.0;
797;277.7;;
818;;644.0;
820;;;269.0
858;;633.0;
890;279.1;;
912;;;261.0
913;;635.0;
1000;276.6;;
1004;;636.0;262.0
1008;;666.0;
1010;279.5;;
1011;;640.0;
1015;279.6;;
1020;279.7;;
1025;279.8;;
1030;279.9;;
1035;280.0;;
1040;280.2;;
1045;280.3;;
1048;;678.0;
1050;280.5;;
1053;;648.0;
1055;280.7;;
1060;280.9;;
1065;281.1;;
1070;281.3;;
1073;278.4;;
1075;281.5;;
1080;281.7;;
1081;;647.0;262.0
1085;281.9;;
1089;;664.0;
1090;282.1;;
1095;282.3;;
1098;;676.0;
1100;282.5;;
1105;282.7;;
1110;282.9;;
1115;283.0;;
1120;283.2;;
1125;283.3;;
1130;283.5;;
1135;283.6;;
1140;283.7;;
1145;283.8;;
1148;;686.0;
1150;283.9;;
1155;284.0;;
1160;284.0;;
1165;284.1;;
1170;284.1;;
1175;284.1;;
1180;284.0;;
1185;284.0;;
1190;283.9;;
1195;283.8;;
1196;280.1;;
1198;;684.0;
1200;283.6;;
1205;283.4;;
1208;;643.0;267.0
1210;283.2;;
1214;;680.0;266.0
1215;283.0;;
1220;282.8;;
1225;282.5;;
1230;282.3;;
1235;282.2;;
1240;282.0;;
1245;281.9;;
1248;;661.0;
1250;281.9;;
1255;281.9;;
1260;282.0;;
1265;282.1;;
1270;282.2;;
1272;;669.0;
1275;282.3;;
1278;282.2;;
1280;282.5;;
1282;;667.0;
1283;;;263.0
1285;282.6;;
1290;282.8;;
1295;282.9;;
1300;283.0;;
1305;283.1;;
1310;283.2;;
1315;283.3;;
1320;283.3;;
1325;283.2;;
1329;;673.0;
1330;283.1;;
1335;282.9;;
1340;282.7;;
1345;282.4;;
1350;282.1;;
1355;281.8;;
1360;281.5;;
1365;281.2;;
1370;281.0;;
1375;280.7;;
1380;280.5;;
1385;280.4;;
1389;;678.0;
1390;280.3;;
1391;281.1;;
1395;280.3;;
1397;;680.0;
1398;;;267.0
1400;280.3;;
1405;280.4;;
1410;280.5;;
1411;;668.0;
1415;280.6;;
1417;;670.0;
1420;280.7;;
1425;280.8;;
1430;280.9;;
1435;280.9;;
1440;280.9;;
1445;280.9;;
1448;;682.0;
1450;280.8;;
1455;280.7;;
1460;280.6;;
1465;277.7;;
1467;;671.0;
1470;280.6;;
1471;;;258.0
1472;;644.0;
1475;280.8;;
1480;281.0;;
1485;281.3;;
1490;281.6;;
1491;;670.0;
1495;281.9;;
1500;282.2;;
1501;;693.0;
1505;282.5;;
1510;282.7;;
1515;282.9;;
1520;283.1;;
1525;283.2;;
1529;;699.0;
1530;283.2;;
1535;283.2;;
1540;283.1;;
1545;283.0;;
1546;281.9;;
1547;;681.0;
1549;;704.0;
1550;282.8;;
1555;279.1;;
1560;282.2;;
1565;281.8;;
1568;;684.0;
1569;;;268.0
1570;281.2;;
1572;;685.0;
1575;280.5;;
1580;279.7;;
1585;278.8;;
1590;278.0;;
1591;;665.0;
1595;277.1;;
1600;276.4;;
1605;275.8;;
1606;;668.0;
1610;275.5;;
1615;275.3;;
1620;275.3;;
1622;;679.0;
1625;275.4;;
1630;275.6;;
1635;275.9;;
1640;276.1;;
1645;276.3;;
1649;;675.0;
1650;276.4;;
1653;;676.0;
1655;276.5;;
1660;276.5;;
1665;276.5;;
1670;276.4;;
1671;277.9;;
1675;276.4;;
1680;276.4;;
1681;;692.0;
1682;274.9;;
1685;276.4;;
1690;276.5;;263.0
1692;;679.0;
1694;;676.0;
1695;276.6;;
1700;276.7;;
1705;276.8;;
1710;276.9;;
1715;277.0;;
1720;277.0;;
1722;;672.0;
1725;277.0;;
1730;277.0;;
1735;276.9;;
1740;276.9;;
1743;;683.0;
1744;276.8;;
1745;276.9;;269.0
1748;;696.0;
1749;;693.0;
1750;277.0;;
1751;;697.0;
1755;277.2;;
1760;277.6;;
1762;;703.0;
1764;276.7;;
1765;278.0;;
1766;;727.0;
1770;278.6;;
1775;279.3;;
1779;;714.0;
1780;280.1;;
1785;280.8;;
1790;281.6;;
1791;279.7;;
1795;282.3;;
1796;;717.0;
1798;;729.0;
1799;;710.0;
1800;282.9;;
1805;283.4;;
1810;283.8;;
1813;280.4;;
1815;284.0;;
1816;283.8;;
1820;284.2;762.0;
1821;;;267.0
1824;;784.0;
1825;284.3;;
1827;;756.0;
1830;284.4;;
1834;;756.0;
1835;284.5;;
1839;283.1;;
1840;284.6;;
1842;;767.0;
1843;287.4;;
1845;284.8;;
1847;286.8;764.0;
1850;285.2;;
1852;;786.0;
1854;288.2;;
1855;285.7;;
1856;;776.0;
1860;286.3;;
1863;;790.0;
1865;287.2;;
1869;289.3;;
1870;288.2;;
1871;;812.0;
1874;289.5;;
1875;289.4;;
1878;290.3;;
1879;;822.0;
1880;290.8;;
1884;;829.0;
1885;292.3;;
1887;292.3;;
1888;;834.0;
1890;293.7;;
1893;;837.0;
1894;;852.0;
1895;295.2;;
1899;295.8;;
1900;296.7;862.0;
1901;;868.0;
1903;294.8;;279.0
1905;298.2;;
1907;;888.0;
1909;299.2;;
1910;299.9;;
1914;;922.0;
1915;301.5;;
1917;;930.0;
1920;303.2;;281.0
1921;301.6;;
1925;304.9;;
1926;;990.0;
1927;305.5;;
1928;;997.0;
1930;306.5;;
1931;;1006.0;
1934;;1023.0;
1935;308.0;;
1936;;1045.0;
1937;;907.0;285.0
1938;;1053.0;
1940;309.3;1060.0;
1941;;1059.0;
1942;;1069.0;
1943;307.9;;
1944;;1083.0;
1945;310.5;;
1946;;1082.0;
1950;312.0;1103.0;
1953;312.7;;
1954;;;286.0
1955;314.1;1143.0;
1956;;1173.0;
1957;;1183.0;
1958;;;288.0
1959;315.97;;
1960;316.9;;
1961;317.64;1219.0;
1962;318.45;;
1963;318.99;;
1964;319.62;1260.0;291.0
1965;320.5;1261.0;
1966;321.38;;
1967;322.16;1284.0;292.0
1968;323.04;;
1969;324.62;;294.0
1970;324.7;1352.0;294.0
1971;326.32;1357.0;294.0
1972;327.45;1380.0;296.0
1973;329.68;1386.0;296.0
1974;330.18;1422.0;296.0
1975;329.4;1420.0;298.0
1976;332.05;;297.0
1977;333.78;1458.0;299.0
1978;335.41;;
1979;336.78;;301.0
1980;338.68;1480.0;301.0
1981;340.1;;301.0
1982;341.44;;303.0
1983;343.03;;304.0
1984;344.58;1656.0;304.0
1985;346.04;1607.0;304.0
1986;347.39;1619.0;305.0
1987;349.16;1632.0;305.0
1988;351.56;1641.0;306.0
1989;353.07;1655.0;307.0
1990;354.35;1665.0;308.0
1991;355.57;1672.0;309.0
1992;356.38;1687.0;310.0
1993;357.07;1688.0;310.0
1994;358.82;1693.0;310.0
1995;360.8;1701.0;311.0
1996;362.59;1703.0;312.0
1997;363.71;1709.0;313.0
1998;366.65;1716.0;313.0
1999;368.33;1727.0;314.0
2000;369.52;1729.0;315.0
2001;371.13;1727.0;316.0
2002;373.22;1728.0;317.0
2003;375.77;1729.0;317.0
2004;377.49;1729.0;318.0
2005;379.8;1727.0;318.0
2006;381.9;1727.0;319.0
2007;383.76;1733.0;320.0
2008;385.59;1740.0;321.0
2009;387.37;1744.0;322.0
2010;389.85;1751.0;322.0
2011;391.63;1758.0;323.0
2012;393.82;1761.0;324.0
2013;396.48;1766.0;325.0
2014;398.61;1775.0;326.0
2015;400.83;1786.0;327.0
2016;404.41;1792.0;328.0
2017;406.76;1798.0;329.0
2018;408.72;1811.0;330.0
2019;411.66;1817.0;331.0
2020;414.24;1825.0;332.0
