Uitrekking (mm);Kracht (N)
0.000262695;58
0.0019877;63.0638
0.0019877;66.5827
0.0015752;67.6126
0.0014627;69.5866
0.0014252;71.9039
0.0018377;73.9638
0.0023627;76.1953
0.0025502;78.5126
0.0022127;79.8
0.0021002;81.4307
0.0022502;82.6323
0.0022877;83.8339
0.0028502;85.2929
0.0033002;88.2111
0.0033002;89.7559
0.0028127;91.6441
0.0027002;93.4465
0.0027002;95.0772
0.0030377;96.9654
0.0034877;98.5961
0.0039002;100.141
0.0035627;101.686
0.0033377;103.317
0.0034127;104.69
0.0042002;106.578
0.0045002;108.38
0.0042377;110.44
0.0035252;112.414
0.0037502;114.302
0.0042752;116.448
0.0046502;118.508
0.0043877;120.482
0.0041252;122.628
0.0045752;124.945
0.0049127;126.747
0.0048377;128.636
0.0043502;130.438
0.0046877;132.498
0.0049877;134.643
0.0051377;136.961
0.0047627;139.364
0.0052127;141.939
0.0054377;144.342
0.0051752;146.831
0.0047252;149.32
0.0050252;152.152
0.0051752;154.555
0.0052877;156.958
0.0052877;159.533
0.0055877;161.936
0.0054377;164.254
0.0054002;166.914
0.0057002;169.489
0.0058877;171.978
0.0057002;174.81
0.0059252;177.471
0.0057377;180.303
0.0056627;183.565
0.0057752;186.912
0.0057002;190.173
0.0058877;193.607
0.0061127;197.04
0.0063752;200.301
0.0061127;203.563
0.0061127;206.738
0.0064127;210.085
0.0067877;213.518
0.0066377;217.123
0.0064127;220.47
0.0062252;223.732
0.0064502;227.165
0.0067877;230.169
0.0065627;232.744
0.0062627;235.662
0.0066377;238.923
0.0067877;242.013
0.0069752;245.446
0.0067127;249.394
0.0068252;253.428
0.0070127;257.204
0.0067877;260.981
0.0067877;264.929
0.0072377;268.448
0.0070877;271.967
0.0074252;275.743
0.0076502;279.605
0.0073127;283.296
0.0078752;287.501
0.0076502;291.707
0.0075002;295.826
0.0076127;299.946
0.0072377;304.238
0.0077627;308.186
0.0075752;312.219
0.0076502;316.425
0.0080627;320.459
0.0076877;324.493
0.00832519;328.784
0.0079127;332.99
0.0075377;337.281
0.0076127;341.744
0.0074252;346.035
0.0079127;350.241
0.0075377;354.532
0.00810019;358.652
0.0076127;363.029
0.0081377;367.578
0.0080627;372.384
0.0075752;377.448
0.0079877;382.769
0.0076127;388.176
0.0080627;393.927
0.0079502;399.591
0.0078752;405.17
0.0082877;410.92
0.0081377;416.757
0.0084002;422.507
0.0081752;428.601
0.0081752;434.952
0.0082877;441.132
0.0085127;447.225
0.0086252;453.405
0.0090752;459.327
0.0095627;464.991
0.0100502;470.742
0.0106502;476.836
0.0106502;482.843
0.0114377;489.28
0.0111752;496.061
0.0118877;503.27
0.0115502;510.737
0.0127127;518.462
0.0125627;526.272
0.0130127;534.254
0.0126377;542.493
0.0130127;550.561
0.0130877;558.972
0.0128627;567.64
0.0133502;576.566
0.0133127;585.578
0.0139502;594.933
0.0134627;604.804
0.0136127;614.674
0.0133877;624.715
0.0136127;635.186
0.0134627;646.344
0.0136502;657.244
0.0140252;668.659
0.0141752;680.417
0.0143627;692.433
0.0140252;704.019
0.0141002;716.464
0.0141752;728.652
0.0142877;741.354
0.0142502;753.971
0.0145502;767.274
0.0149627;779.976
0.0151127;793.709
0.0148877;806.84
0.0148502;820.487
0.0148502;833.961
0.0149252;848.209
0.0145502;862.027
0.0148127;876.446
0.0149252;890.693
0.0153752;905.455
0.0150002;920.046
0.0148127;935.151
0.0147377;950.257
0.0150002;965.878
0.0146627;980.897
0.0146627;996.518
0.0149252;1011.71
0.0150377;1027.24
0.0153002;1042.44
0.0149252;1058.4
0.0150002;1073.76
0.0150377;1089.81
0.0150377;1105.78
0.0148127;1122.17
0.0152627;1138.39
0.0153002;1155.21
0.0157877;1171.78
0.0154127;1188.77
0.0155252;1205.76
0.0151877;1223.19
0.0155252;1240.61
0.0151127;1258.29
0.0155627;1275.97
0.0156752;1294.08
0.0159752;1312.1
0.0156752;1330.56
0.0157877;1349.35
0.0157877;1368.58
0.0159377;1387.97
0.0157127;1407.8
0.0157502;1427.71
0.0160877;1447.97
0.0163502;1468.31
0.0162002;1488.99
0.0161252;1510.02
0.0162377;1531.31
0.0163877;1552.93
0.0163502;1574.91
0.0164252;1597.05
0.0169502;1619.54
0.0171752;1642.54
0.0174377;1665.62
0.0172127;1688.97
0.0175877;1712.66
0.0173627;1736.86
0.0178127;1760.98
0.0174752;1785.44
0.0183002;1809.99
0.0182627;1834.96
0.0188627;1859.59
0.0185252;1884.91
0.0192002;1910.23
0.0189002;1936.15
0.0193877;1962.07
0.0189002;1988.42
0.0197252;2014.77
0.0199127;2041.63
0.0204002;2068.75
0.0200252;2096.56
0.0204752;2124.8
0.0203252;2153.47
0.0207002;2182.56
0.0202877;2212.34
0.0208127;2241.78
0.0210377;2271.99
0.0214502;2302.29
0.0213752;2333.02
0.0216002;2363.48
0.0216002;2395.07
0.0217127;2426.05
0.0218252;2458.06
0.0220502;2489.91
0.0220127;2522.78
0.0227252;2555.31
0.0225377;2589.04
0.0229877;2622.6
0.0228002;2657.18
0.0231002;2691.51
0.0228377;2726.88
0.0231002;2761.89
0.0232502;2797.77
0.0234752;2832.96
0.0239627;2869.18
0.0235877;2904.97
0.0241127;2941.44
0.0237002;2977.4
0.0241502;3014.65
0.0235127;3051.3
0.0238502;3088.64
0.0237377;3125.8
0.0239252;3163.82
0.0242627;3201.33
0.0236627;3239.78
0.0244127;3278.06
0.0237752;3317.19
0.0242627;3355.99
0.0236252;3395.98
0.0241127;3435.38
0.0238127;3475.72
0.0243377;3515.8
0.0243752;3556.65
0.0241877;3596.73
0.0244877;3637.84
0.0241127;3678.35
0.0246377;3719.72
0.0238127;3760.83
0.0247127;3802.8
0.0240002;3844.6
0.0246752;3887.17
0.0244127;3929.4
0.0243752;3972.05
0.0246752;4014.97
0.0244502;4058.31
0.0246752;4101.22
0.0244127;4144.65
0.0249002;4188.25
0.0249002;4232.19
0.0251252;4275.88
0.0259127;4320.25
0.0256502;4364.54
0.0264752;4409.17
0.0261377;4453.46
0.0267002;4498.17
0.0265127;4543.06
0.0270002;4588.29
0.0271127;4633.69
0.0273377;4679.61
0.0276002;4725.53
0.0275627;4771.53
0.0280502;4817.71
0.0284252;4864.05
0.0284627;4910.66
0.0287627;4957.09
0.0288002;5004.21
0.0292502;5051.41
0.0295127;5098.88
0.0296252;5146.42
0.0296627;5194.92
0.0302252;5242.72
0.0301502;5290.78
0.0310502;5338.5
0.0304877;5386.74
0.0314627;5434.54
0.0309377;5483.38
0.0319877;5531.87
0.0319127;5581.57
0.0318002;5630.49
0.0322127;5680.09
0.0322502;5729.19
0.0327377;5779.31
0.0328502;5828.4
0.0326627;5878.44
0.0334877;5927.88
0.0331127;5978.52
0.0342377;6028.12
0.0334502;6079.1
0.0343502;6129.4
0.0341627;6180.55
0.0349502;6230.93
0.0348752;6282.51
0.0351002;6333.24
0.0354377;6384.82
0.0359627;6435.8
0.0359627;6487.56
0.0363002;6538.88
0.0361502;6590.98
0.0366752;6642.47
0.0369002;6694.57
0.0371252;6746.24
0.0373127;6798.59
0.0375752;6850.17
0.0377252;6902.7
0.0384752;6955.23
0.0380252;7008.27
0.0388877;7060.36
0.0384377;7113.66
0.0392252;7166.36
0.0393377;7219.74
0.0393002;7272.36
0.0402377;7326.34
0.0400502;7379.47
0.0408377;7433.45
0.0404627;7486.58
0.0404627;7541
0.0412877;7594.64
0.0409127;7649.22
0.0415877;7702.78
0.0416627;7757.36
0.0421502;7811.26
0.0427127;7866.28
0.0430127;7920.44
0.0432002;7975.71
0.0433877;8030.72
0.0436502;8086.51
0.0439127;8141.18
0.0440252;8196.71
0.0442502;8251.64
0.0447377;8307
0.0449627;8361.59
0.0457502;8417.03
0.0458252;8471.87
0.0457502;8527.58
0.0462752;8583.19
0.0462377;8639.67
0.0468377;8695.63
0.0466502;8752.1
0.0471002;8808.06
0.0477752;8864.1
0.0479252;8919.89
0.0489752;8976.45
0.0483752;9032.84
0.0490877;9089.83
0.0490127;9146.9
0.0492752;9204.06
0.0496877;9260.88
0.0495377;9317.87
0.0502502;9374.77
0.0507002;9432.45
0.0510002;9489.87
0.0514127;9547.46
0.0516377;9605.39
0.0519002;9663.24
0.0520877;9720.83
0.0523502;9778.42
0.0526502;9836.18
0.0531377;9893.6
0.0528752;9951.1
0.0544127;10008.4
0.0538502;10066.2
0.0547877;10123.5
0.0548627;10181.8
0.0549377;10240.3
0.0551627;10298.7
0.0550127;10356.9
0.0558002;10416
0.0559877;10474.2
0.0561752;10532.8
0.0568877;10591.1
0.0567002;10650
0.0576752;10708.3
0.0575627;10767.7
0.0581252;10826.9
0.0580127;10886.6
0.0585752;10945.9
0.0586502;11005.7
0.0595127;11064.4
0.0592877;11123.9
0.0597377;11183.1
0.0599627;11242.7
0.0603002;11302.2
0.0607877;11363
0.0604502;11422.6
0.0613502;11482.9
0.0612377;11542.5
0.0617627;11602.7
0.0621377;11661.5
0.0616877;11721.7
0.0629252;11781.3
0.0626252;11842.4
0.0637127;11902.6
0.0634127;11964.3
0.0637127;12024.8
0.0642752;12086
0.0643502;12145.8
0.0649127;12206.3
0.0645752;12265.9
0.0649502;12326.9
0.0655502;12386.7
0.0655502;12448.1
0.0660752;12508.8
0.0662627;12570.8
0.0666377;12631.2
0.0669002;12692.8
0.0673127;12753.1
0.0670877;12813.9
0.0676127;12873.7
0.0674252;12934.8
0.0684752;12995
0.0684002;13056.8
0.0689252;13118.2
0.0694877;13180.2
0.0694502;13241.4
0.0704252;13303.4
0.0698627;13364.5
0.0703502;13426.1
0.0706502;13487.7
0.0705377;13549.7
0.0715502;13611.1
0.0712877;13673.6
0.0723002;13735.6
0.0725252;13797.6
0.0728627;13859.1
0.0732377;13921.2
0.0732002;13982.3
0.0736127;14044.4
0.0738752;14105.9
0.0741002;14168
0.0744002;14229.7
0.0750377;14292.1
0.0750002;14354
0.0762377;14416.2
0.0756752;14478.3
0.0763502;14540.4
0.0762752;14601.7
0.0766877;14663.4
0.0768752;14725.2
0.0768002;14787.2
0.0774377;14849.1
0.0779252;14911.9
0.0782627;14974
0.0791627;15035.9
0.0787877;15097.1
0.0794627;15158.8
0.0793502;15220.4
0.0798752;15282.5
0.0799127;15344.6
0.0801377;15407.3
0.0805877;15470
0.0811127;15532.9
0.0812627;15595.3
0.0817877;15657.7
0.0817502;15719.7
0.0821627;15781.2
0.0822377;15842.6
0.0824252;15904.1
0.0828002;15966.3
0.0831002;16028.4
0.0835127;16091.4
0.0842627;16154.1
0.0840377;16216.8
0.0851252;16278.7
0.0846002;16341.3
0.0856502;16403.6
0.0853877;16466.2
0.0856127;16528.5
0.0862502;16591.6
0.0861377;16654.4
0.0869252;16717.6
0.0868502;16780.2
0.0873002;16843.2
0.0879002;16905.5
0.0878627;16968.2
0.0883877;17030.1
0.0882002;17092.7
0.0889502;17154.4
0.0889877;17217
0.0897002;17279
0.0892127;17342.1
0.0903752;17404.2
0.0901127;17467.7
0.0916877;17529.7
0.0909002;17592.4
0.0916127;17653.9
0.0916877;17716.6
0.0922502;17777.9
0.0927752;17841.2
0.0923252;17903.6
0.0928877;17966.7
0.0932252;18028.8
0.0935252;18092
0.0942377;18153.9
0.0940502;18216.5
0.0950252;18278.3
0.0949877;18341
0.0955877;18403.2
0.0956627;18466.4
0.0958127;18529
0.0960752;18592.2
0.0967502;18653.8
0.0968627;18716.4
0.0973877;18778.1
0.0973502;18841.3
0.0979127;18903.8
0.0986627;18967.9
0.0984377;19030.5
0.0990377;19094.4
0.0987002;19157.4
0.0994127;19220.9
0.0993752;19283.3
0.0998252;19347
0.100538;19409.1
0.100575;19472
0.101288;19534.7
0.101063;19598
0.101475;19660.4
0.102075;19724
0.102075;19785.9
0.102638;19848
0.1029;19909.3
0.103425;19971.1
0.103913;20032.4
0.104025;20094.6
0.104288;20155.9
0.104475;20218.2
0.105038;20280.1
0.105263;20342.3
0.105188;20403.3
0.105975;20464.6
0.106275;20525.2
0.107025;20586.3
0.107063;20646.6
0.107063;20708.1
0.107663;20769.6
0.107625;20831.7
0.108375;20893.6
0.107888;20955.6
0.108638;21016.3
0.1092;21076.8
0.1098;21136.9
0.11025;21197.2
0.109913;21257.3
0.110625;21318.1
0.110513;21379.1
0.111113;21440.3
0.110775;21501.4
0.111488;21562.5
0.111825;21623.6
0.112613;21684.1
0.112388;21744.2
0.113213;21803.8
0.112913;21863.6
0.114038;21923.3
0.113325;21983.8
0.114525;22044.6
0.114413;22105.6
0.115388;22165.8
0.11565;22226
0.115838;22285.6
0.116363;22345
0.116513;22404.1
0.117075;22463.7
0.117263;22523.2
0.117713;22583.4
0.1185;22643.1
0.118538;22702.8
0.119063;22761.5
0.119363;22820.4
0.119888;22878.2
0.120413;22936.4
0.120638;22994
0.121163;23052.1
0.121425;23109.6
0.121988;23167.8
0.122775;23224.7
0.122588;23282.3
0.12375;23338.3
0.123638;23394.4
0.124763;23449.7
0.124613;23506.1
0.125475;23560.6
0.125663;23616.3
0.126488;23671.3
0.126563;23726.9
0.127088;23781
0.1272;23836.4
0.128175;23890.1
0.127988;23944.8
0.12885;23997.7
0.128588;24052
0.129525;24104.9
0.129038;24160.5
0.130013;24214.9
0.1293;24270.5
0.130538;24323.4
0.130163;24377
0.131475;24427.3
0.130763;24477.9
0.131513;24526.8
0.130838;24576.5
0.1317;24624.4
0.131213;24672.8
0.131963;24720
0.131813;24767.8
0.13275;24814.1
0.132863;24860.4
0.13305;24906.1
0.132863;24951.9
0.133275;24996.6
0.133388;25042.1
0.133613;25087.7
0.13395;25134.6
0.134325;25180.9
0.134513;25228
0.134625;25274.1
0.134738;25320.6
0.134963;25365.7
0.134775;25411.6
0.135563;25457
0.135938;25503.2
0.136463;25548.9
0.136125;25595.9
0.136463;25641.9
0.137025;25688
0.136875;25732.6
0.137513;25777.3
0.1374;25820
0.138488;25862.6
0.138;25904.2
0.138638;25946.5
0.138075;25987.4
0.138825;26029.2
0.138375;26070.2
0.138975;26110.4
0.1389;26149.4
0.139163;26188.9
0.1392;26228
0.138975;26267.2
0.139238;26305.8
0.1395;26343.9
0.140025;26381.5
0.140625;26418.6
0.14055;26454.4
0.140813;26488.7
0.14055;26522.1
0.140813;26553.7
0.140588;26584.6
0.141263;26616
0.141525;26648.9
0.141975;26683.3
0.141863;26719
0.141938;26754.5
0.141938;26789.8
0.142163;26823.7
0.142538;26856.7
0.142763;26888.9
0.142613;26921.3
0.1431;26952.7
0.14295;26984.8
0.143475;27016.6
0.142913;27048.6
0.143625;27079
0.143288;27109.5
0.143775;27138.7
0.143363;27167.9
0.143438;27195.6
0.14355;27223.9
0.144375;27250.6
0.1437;27277.2
0.144375;27302.6
0.143513;27328.2
0.143438;27351.9
0.1437;27376.1
0.1443;27398.1
0.143963;27420.2
0.144825;27440.9
0.143363;27461.9
0.143963;27481.4
0.143663;27502.7
0.144;27522.6
0.144113;27541.8
0.144563;27558.1
0.143663;27574
0.143813;27587.3
0.143738;27600.6
0.144225;27613.1
0.143588;27627.1
0.143963;27640.8
0.1434;27656.6
0.14325;27672.1
0.142988;27688.1
0.143513;27702.9
0.143138;27717.5
0.142988;27730.1
0.143063;27742.7
0.142838;27754.1
0.14265;27766.1
0.142725;27777.6
0.14265;27791
0.142425;27803.2
0.1422;27816.3
0.14235;27828.3
0.142463;27841
0.142238;27850.1
0.14175;27859.1
0.141675;27865.9
0.141488;27873.6
0.141788;27880
0.14145;27889.3
0.141375;27898.2
0.141263;27909.2
0.141338;27919.4
0.14115;27930.8
0.141113;27940.7
0.141113;27951.9
0.141113;27962.5
0.140888;27974.1
0.1407;27984.7
0.141038;27996.9
0.141038;28007.7
0.14085;28018.9
0.140588;28029.8
0.1404;28041.9
0.140775;28053.6
0.140925;28067
0.140775;28080.7
0.140475;28094.8
0.14055;28108.7
0.140625;28122.7
0.141;28135.2
0.141038;28147.3
0.140663;28159.5
0.140738;28171
0.140588;28181.7
0.141225;28192.8
0.141;28203.8
0.140963;28214.9
0.140588;28226.5
0.140738;28238.2
0.140888;28249.6
0.141113;28261.2
0.140513;28272.6
0.140813;28283.9
0.140363;28295.3
0.14085;28306.9
0.140738;28319.3
0.141;28331.6
0.140513;28343.3
0.140813;28354
0.14055;28364.4
0.141375;28373.6
0.140738;28382.7
0.141038;28391.5
0.140625;28400.8
0.140888;28409.6
0.1407;28419.2
0.14115;28428.6
0.140663;28438.7
0.140925;28447.4
0.140588;28456
0.141075;28462.8
0.140775;28469
0.140925;28472.9
0.140738;28476.4
0.140925;28478.1
0.140663;28479.4
0.141225;28479.7
0.1407;28480.3
0.140775;28479.9
0.1407;28481.1
0.14055;28481.1
0.140475;28480.9
0.140813;28479.5
0.140663;28479.7
0.140738;28479.5
0.140213;28481.6
0.140625;28482.6
0.141;28484.9
0.141;28485.5
0.140438;28485.9
0.140438;28483.7
0.140363;28482.7
0.141;28479.4
0.14055;28478
0.140663;28476.4
0.140475;28478
0.1407;28479.2
0.14085;28483.3
0.141263;28486.8
0.140588;28492.6
0.140925;28497.6
0.140475;28505.2
0.141413;28513
0.140925;28524.3
0.141075;28536.9
0.140588;28552.4
0.14085;28567.7
0.140775;28585.1
0.1413;28602.4
0.14085;28620.4
0.140963;28636.7
0.140888;28653.3
0.140925;28667.7
0.140775;28680.3
0.14115;28689.6
0.141488;28697.3
0.141638;28702.7
0.141;28708.3
0.140738;28713.6
0.140813;28719.6
0.141075;28725.2
0.14085;28732.2
0.140475;28739.2
0.14055;28748
0.140213;28757.5
0.140475;28768.4
0.140475;28778.4
0.140325;28788.1
0.139875;28795.5
0.1401;28802.7
0.139388;28809.2
0.139763;28816.6
0.139575;28823.9
0.139425;28832.4
0.138975;28839
0.139538;28845
0.1395;28848.7
0.140025;28852.5
0.139875;28855.5
0.140288;28859.4
0.139538;28861.4
0.139913;28862.8
0.138863;28862.4
0.137138;28860.2
0.136688;28855.4
0.137813;28850.6
0.139463;28845.8
0.139575;28841
0.138938;28836.6
0.138675;28833.1
0.137625;28829.2
0.135863;28825.3
0.135563;28822.2
0.135863;28820.3
0.135863;28819.1
0.136275;28818.1
0.135225;28818.2
0.13605;28818.7
0.13515;28818.6
0.135788;28817
0.137738;28818.2
0.1386;28821.4
0.138488;28824
0.13935;28824.4
0.1398;28824.9
0.140063;28826.9
0.139613;28826.3
0.139388;28825
0.13935;28827.2
0.13905;28836.5
0.139463;28849.2
0.140213;28859.8
0.140625;28869.2
0.14095;28878.7
0.141288;28889.8
0.141063;28899.1
0.1411;28904.9
0.140838;28908.8
0.14185;28916.4
0.141738;28923.6
0.140425;28925.6
0.140988;28925.1
0.141475;28925
0.142713;28924.7
0.142675;28925.5
0.143163;28928
0.143088;28931.6
0.142713;28933.5
0.143613;28934.5
0.142938;28933.4
0.144225;28924.4
0.144188;28910.7
0.144263;28900.2
0.145163;28895.7
0.144263;28893.3
0.144488;28888.5
0.144225;28881.8
0.14335;28872.3
0.144563;28864.4
0.144288;28859.6
0.144575;28860
0.145113;28863.8
0.145313;28872.5
0.1455;28882.6
0.145813;28892
0.145838;28897.7
0.146463;28897.2
0.14575;28892.1
0.1453;28890
0.144375;28892.8
0.144213;28897.7
0.143388;28900.8
0.1459;28809.8
0.148913;28768.4
0.153288;28731.5
0.1559;28696
0.160738;28657.8
0.16765;28620.4
0.171825;28590.7
0.17665;28566.5
0.179963;28548.3
0.183363;28536.2
0.187613;28527.8
0.190663;28518.1
0.193213;28504.6
0.194413;28490.5
0.197175;28477.8
0.2004;28469
0.202675;28463
0.206675;28461.2
0.208938;28463.3
0.211775;28471.7
0.21505;28486.4
0.218325;28504.9
0.221688;28526.2
0.2239;28549.6
0.227413;28575.7
0.231613;28604
0.235763;28632.6
0.240175;28661
0.243975;28689.7
0.248588;28720.5
0.252838;28752.1
0.255;28782.1
0.258488;28809.8
0.262525;28834.2
0.267488;28856.1
0.272538;28880.1
0.278188;28899.7
0.284388;28911.8
0.29115;28921
0.297538;28937.1
0.304575;28956.7
0.31205;28973.1
0.318963;28979.4
0.326738;28982.2
0.335975;28986.8
0.346325;28986.7
0.357238;28982.6
0.366238;28982.2
0.3746;28978
0.381975;28965.5
0.388975;28947
0.397075;28923.3
0.405325;28897.1
0.413875;28876.6
0.421775;28871.2
0.429225;28872.9
0.437363;28876
0.4448;28879.3
0.451488;28884.2
0.459188;28889.2
0.466938;28889.8
0.475025;28890.5
0.482925;28898
0.490988;28913
0.499338;28932.1
0.506963;28950.9
0.513613;28969.8
0.521275;28988
0.53125;29000.1
0.540663;29002.2
0.55175;29000.3
0.560163;29003.8
0.569813;29013.5
0.578025;29026.8
0.587963;29036.3
0.59665;29039.4
0.60635;29040.3
0.617338;29047.6
0.6263;29060.4
0.637188;29070.9
0.646188;29075.5
0.656613;29077.3
0.6674;29082.6
0.677275;29096.2
0.686925;29113.8
0.696238;29129.7
0.705013;29136
0.71545;29127.6
0.724575;29112.5
0.735175;29099.9
0.745725;29090.8
0.756738;29085.8
0.767063;29080.6
0.777625;29069.1
0.788338;29054.2
0.799225;29046.6
0.809125;29046.6
0.818938;29053.5
0.828138;29057
0.8388;29045.1
0.849725;29011
0.8621;28968
0.873438;28932.9
0.884925;28913.5
0.8954;28904.4
0.905275;28901.4
0.914788;28904.7
0.925588;28914.1
0.9364;28924.1
0.946225;28928.5
0.956825;28922.6
0.9673;28909.8
0.977513;28896
0.98915;28887.1
1.00046;28886.1
1.01104;28885.2
1.02141;28886.8
1.03069;28891.2
1.04166;28890.5
1.05315;28884.3
1.06331;28882.6
1.0739;28888.3
1.08376;28892.1
1.09454;28890.5
1.10415;28886.1
1.11339;28884.4
1.12341;28887.5
1.13264;28894.9
1.14301;28904.9
1.1524;28915.7
1.16209;28918.9
1.17295;28917
1.18425;28911.1
1.19568;28906.2
1.20658;28900.9
1.21811;28900.9
1.22973;28899.8
1.24066;28896.1
1.25246;28897.4
1.26314;28909.1
1.27385;28930.3
1.2841;28953.6
1.2955;28970.4
1.30528;28981.8
1.31643;28993.7
1.32634;29009.4
1.33716;29020
1.34899;29024.4
1.35986;29027.3
1.37071;29036.9
1.38029;29050.8
1.39056;29065.4
1.40138;29079.7
1.41119;29097.1
1.42234;29117.3
1.43224;29142.3
1.4425;29167.1
1.45235;29189.5
1.46295;29206.6
1.47273;29221.8
1.48295;29239.2
1.49251;29256.4
1.50233;29265.3
1.51318;29267.4
1.52408;29264.8
1.53465;29255.5
1.54619;29233.1
1.55891;29198
1.57284;29146.8
1.58681;29094
1.59898;29056.3
1.61129;29039.8
1.62251;29032.8
1.63594;29032.4
1.64628;29034.6
1.65879;29039.7
1.67061;29048.6
1.68145;29058.8
1.69275;29067.6
1.70426;29079.8
1.71589;29082.6
1.73063;29058.4
1.74421;29017.3
1.7579;28985.5
1.77134;28970.4
1.78489;28963.7
1.7972;28962.5
1.81069;28964.6
1.82281;28968.2
1.83486;28976.4
1.84684;28984.4
1.85963;28989.1
1.87264;28987.7
1.88609;28977.1
1.90041;28957.5
1.91394;28928.5
1.928;28894.4
1.94209;28851.7
1.95736;28797.2
1.97355;28731.4
1.99001;28669
2.00423;28624.7
2.01916;28600.6
2.03319;28593.6
2.04636;28600.5
2.05926;28620.8
2.0727;28647.9
2.08541;28676.7
2.0981;28700.8
2.11178;28713.4
2.12556;28717.9
2.13983;28720.6
2.15388;28725.3
2.16934;28726.1
2.1833;28724.5
2.19826;28723.3
2.21336;28729.9
2.22819;28743.3
2.24286;28764.4
2.25673;28793.2
2.27059;28829.8
2.2823;28873.2
2.29453;28921.3
2.30691;28968.4
2.32155;29013.6
2.33521;29057
2.34813;29100.5
2.36045;29144.7
2.37364;29185.2
2.38718;29221
2.40054;29253
2.41386;29282.6
2.42711;29307.1
2.44088;29324.5
2.45296;29342.2
2.46561;29358
2.47774;29372.3
2.4908;29375.6
2.50468;29368.9
2.51881;29352.9
2.5321;29337.9
2.54544;29325
2.55899;29303.4
2.57344;29268.4
2.58719;29238.1
2.60036;29221.8
2.61296;29214.5
2.62601;29206.9
2.63861;29201.8
2.65008;29199.7
2.66246;29200.5
2.67355;29199.4
2.6856;29191.4
2.69846;29177.1
2.71039;29161.5
2.72278;29145.2
2.73504;29124.1
2.7484;29090.4
2.76228;29049.6
2.77589;29004.1
2.78948;28955.1
2.80225;28889.4
2.8163;28817
2.82943;28751.8
2.84256;28694.6
2.85615;28646.3
2.86973;28613.8
2.88319;28592.1
2.89683;28575.9
2.90973;28569.3
2.9218;28585.9
2.93344;28622.5
2.94393;28672.5
2.95368;28731
2.96319;28795.1
2.9732;28864.2
2.9833;28933.1
2.99109;29001.9
3.00035;29072
3.00925;29144.6
3.01688;29217
3.0244;29287.1
3.03251;29355.1
3.04056;29420.8
3.04924;29482.4
3.05748;29541
3.06724;29595.3
3.07478;29645.8
3.08455;29692
3.09404;29736.1
3.10319;29775.8
3.11035;29811.4
3.11661;29844.6
3.1247;29876.9
3.13085;29909.6
3.13816;29939.2
3.14471;29964.7
3.15071;29988
3.15634;30011.4
3.16234;30034.3
3.16765;30053.5
3.17339;30070.6
3.18018;30087.5
3.18496;30102.7
3.19029;30117.8
3.19584;30130.7
3.20093;30142.7
3.20643;30154.9
3.21145;30168.5
3.21713;30182.9
3.22273;30196.4
3.22741;30207.5
3.23273;30218.3
3.23738;30230.9
3.24249;30244.1
3.24726;30255.7
3.25273;30265.4
3.25793;30276
3.26133;30288.3
3.26659;30300.1
3.27084;30311.5
3.27576;30323.1
3.27955;30334.3
3.28441;30347
3.2887;30358.6
3.29334;30369.8
3.2979;30380.2
3.30211;30392.3
3.30678;30404.9
3.31113;30416.5
3.31589;30426.8
3.32018;30438.2
3.32388;30451
3.32798;30465
3.3324;30476.7
3.33621;30485.9
3.34086;30495.5
3.34499;30507.3
3.35068;30520.6
3.35526;30533.3
3.36053;30544.2
3.36578;30553.9
3.37041;30566.5
3.37554;30580.6
3.37959;30592.1
3.38405;30601.7
3.38909;30612.6
3.39323;30626
3.39775;30636.9
3.40261;30646.9
3.40649;30656.8
3.41131;30669.2
3.41696;30681.7
3.42103;30693.2
3.42559;30703.5
3.42946;30715.1
3.43448;30727.4
3.43861;30738.5
3.4437;30748.3
3.44759;30758.1
3.45244;30769
3.45859;30781.2
3.4633;30793.5
3.46798;30804.3
3.4732;30813.8
3.47805;30823.8
3.48218;30836.3
3.48766;30848
3.49216;30858.6
3.49749;30868.9
3.50311;30880
3.5084;30892.2
3.51405;30903.4
3.51905;30913.9
3.52428;30923.3
3.52891;30933.8
3.53364;30947
3.5386;30959
3.54343;30969.4
3.54954;30977.6
3.55554;30988.1
3.56014;30999.3
3.56615;31009.9
3.57024;31019
3.57518;31028.3
3.58039;31039.5
3.58581;31050.9
3.59094;31061.8
3.59679;31073
3.60314;31083.5
3.6093;31095
3.61476;31106.6
3.6198;31117.3
3.62546;31127.2
3.63176;31136.3
3.6378;31148
3.64343;31160.2
3.64916;31170.6
3.6553;31179.7
3.6613;31190.9
3.66803;31203.7
3.6742;31215.4
3.67953;31224.3
3.6865;31232.2
3.69199;31242.2
3.69796;31253.2
3.70509;31263.5
3.71083;31272.9
3.71723;31282.7
3.72378;31294.6
3.7304;31307.5
3.73783;31318.2
3.74463;31325.4
3.75139;31333.1
3.75759;31344.6
3.76463;31357.1
3.77066;31368.1
3.77658;31377.2
3.7835;31387.5
3.78981;31399.4
3.79483;31409.7
3.8003;31418.7
3.80521;31426.5
3.81108;31437.2
3.81634;31450
3.82169;31460.5
3.82783;31468
3.83376;31476.3
3.83865;31487.6
3.84405;31499.5
3.84956;31510.6
3.85476;31519
3.86069;31527.5
3.86611;31538.9
3.87214;31550.2
3.87803;31560.2
3.88414;31568.9
3.8887;31577.9
3.89439;31588.3
3.89914;31598.9
3.90476;31608.1
3.90971;31617.1
3.9153;31625.1
3.92039;31636.5
3.9263;31647.1
3.93128;31656.7
3.93629;31666.1
3.94073;31676.5
3.94543;31687.7
3.95074;31697.1
3.95495;31705.3
3.95984;31713.7
3.96469;31724.4
3.97028;31734.2
3.97508;31743.1
3.97996;31751.5
3.98488;31761.8
3.98971;31772.7
3.9939;31783.4
3.99869;31792.3
4.0023;31800.4
4.00618;31809.4
4.00995;31819.7
4.01455;31830.4
4.01899;31838.7
4.02238;31847.4
4.02704;31857.4
4.03113;31869.2
4.03694;31879.1
4.04123;31887.7
4.04559;31895.9
4.04958;31905.6
4.05321;31916.5
4.05885;31925.6
4.06263;31932.8
4.0669;31941
4.07177;31951
4.07645;31962.2
4.08146;31971.6
4.08611;31979.4
4.09038;31987.4
4.09462;31997.7
4.09839;32008.5
4.10199;32016.9
4.10673;32024.8
4.11115;32033.9
4.11578;32045.3
4.12078;32054.8
4.12529;32062.7
4.12834;32070.7
4.13189;32080.8
4.13506;32091.9
4.13906;32101
4.1432;32108.7
4.14755;32116.4
4.15118;32125.9
4.15563;32135.8
4.1612;32144.1
4.16618;32151.2
4.17173;32159.2
4.17654;32168.5
4.18167;32178.1
4.18665;32187.2
4.19222;32196.4
4.1965;32204.8
4.20144;32213.5
4.20579;32222
4.21034;32231.7
4.21443;32241.7
4.21866;32250.2
4.22398;32259.2
4.22898;32268.2
4.23388;32278.4
4.2379;32288.2
4.24236;32297.2
4.24798;32305.5
4.25344;32312.3
4.25738;32319.6
4.26186;32327.4
4.2646;32336.8
4.26846;32347.1
4.27353;32356.1
4.27836;32364
4.28343;32373
4.28694;32382.1
4.29158;32390.9
4.29606;32399
4.29958;32406.5
4.30564;32414.6
4.31063;32424.5
4.31565;32434.6
4.32026;32442.2
4.32581;32449.4
4.33024;32457.6
4.33509;32468
4.34026;32478.8
4.34485;32487.7
4.34978;32494.2
4.35465;32501.1
4.35848;32509.7
4.36404;32518.4
4.37;32526.1
4.3738;32533.2
4.37951;32541.2
4.38523;32551.3
4.39085;32560.9
4.39595;32569
4.40088;32575.7
4.40642;32583.8
4.41132;32592.8
4.41585;32602.1
4.42079;32609.8
4.426;32617.2
4.4312;32625.1
4.43711;32633.9
4.44351;32642.8
4.44809;32649.9
4.45283;32657.5
4.45775;32666
4.46375;32674.6
4.46863;32682.6
4.474;32689.9
4.47925;32697.7
4.48479;32707
4.49105;32716.2
4.49649;32723.8
4.50235;32730.5
4.50745;32738.7
4.5132;32747.9
4.5185;32755.7
4.52398;32762.6
4.52906;32769.7
4.53419;32777.9
4.53986;32786.5
4.54484;32794.3
4.55107;32801.9
4.55575;32809.4
4.56136;32818.5
4.56718;32827.8
4.57303;32835.5
4.57813;32841.9
4.58371;32848.9
4.58973;32858.1
4.59481;32866.6
4.60151;32873.3
4.6066;32880.3
4.61201;32889.5
4.61804;32900.7
4.62326;32908.8
4.6289;32914.4
4.63491;32920
4.64106;32927.2
4.64615;32936
4.65185;32944.1
4.65744;32951.2
4.66349;32957.1
4.66898;32964.9
4.67501;32974.4
4.6811;32983.5
4.68736;32989.9
4.69273;32996.4
4.69895;33005.4
4.70394;33015.2
4.71046;33023
4.7161;33028.4
4.72244;33032.9
4.72804;33041.2
4.73424;33051
4.74048;33059.9
4.74575;33067.8
4.75215;33075.5
4.75781;33084
4.7638;33091.3
4.76979;33097.4
4.77651;33102.1
4.78258;33108.1
4.78885;33117.7
4.79515;33127.3
4.80123;33132.9
4.80849;33137.9
4.81458;33146
4.82064;33157
4.82654;33165.5
4.83295;33172.3
4.83898;33178.5
4.8449;33187.3
4.85092;33195.5
4.85693;33202.8
4.86321;33208.4
4.86985;33214.8
4.87644;33224.3
4.883;33232.7
4.88963;33239.1
4.8969;33244.5
4.90393;33252.9
4.91051;33262.7
4.91726;33269.6
4.92459;33274.9
4.93143;33280.3
4.93826;33288
4.946;33297.7
4.95349;33305.8
4.96079;33312.1
4.96829;33318.4
4.97385;33326.8
4.98063;33335.1
4.98651;33342.3
4.9923;33348
4.99848;33354.3
5.00449;33362.9
5.01131;33371
5.01728;33377.6
5.02296;33383.1
5.02886;33389.8
5.0353;33398.6
5.04203;33406.7
5.04711;33413.4
5.05311;33420.6
5.05894;33427.8
5.06477;33435.8
5.0698;33442.8
5.07598;33448.3
5.08053;33453.2
5.08538;33459.2
5.0902;33467.8
5.09611;33475.8
5.10175;33482.7
5.10758;33489.3
5.11161;33497.3
5.11738;33505.6
5.12369;33512.7
5.12696;33518.1
5.13153;33523.7
5.1356;33532.1
5.14033;33540
5.1448;33545.7
5.14874;33550.1
5.15394;33556.3
5.1576;33565.8
5.163;33574.6
5.16736;33580.8
5.17274;33585.4
5.1786;33591.6
5.18399;33599.8
5.18977;33605.6
5.19563;33610.5
5.20023;33616.1
5.20614;33624.8
5.21004;33634.2
5.21443;33641.2
5.21911;33645.7
5.22417;33651.2
5.22931;33659
5.23394;33667.3
5.23939;33673.1
5.24396;33678.3
5.24816;33683.9
5.25216;33692.5
5.25664;33701.2
5.26009;33706.6
5.26519;33711
5.2698;33718.8
5.27456;33728.7
5.27773;33736.1
5.28156;33740.8
5.285;33745.7
5.28996;33751.3
5.29459;33758.6
5.30074;33765
5.30554;33771.7
5.30866;33777.6
5.3135;33784
5.31794;33792.2
5.32416;33799.8
5.32869;33805.6
5.33426;33810.7
5.34011;33817.6
5.346;33826.2
5.35113;33833.8
5.35644;33839.1
5.36147;33844.5
5.36546;33850.7
5.3719;33857
5.37784;33863.3
5.3835;33869.9
5.38848;33876.1
5.39425;33883.3
5.39771;33890
5.40318;33896
5.40735;33900.5
5.41194;33905.9
5.41743;33913.2
5.42175;33920.3
5.42659;33926.9
5.43201;33932.7
5.43723;33938.4
5.44295;33945.3
5.44896;33952.7
5.4543;33958.7
5.46081;33964.3
5.46661;33971.5
5.472;33979.7
5.47775;33986.3
5.48396;33991.6
5.49086;33995.8
5.49628;34001.8
5.50169;34008.8
5.50616;34016
5.51205;34021.7
5.51691;34027.3
5.52268;34033.5
5.52801;34039.9
5.53344;34044.7
5.53865;34049.7
5.54415;34055.9
5.54906;34064.7
5.55393;34072.3
5.55828;34077.9
5.56361;34082.8
5.56921;34088.6
5.57435;34096.3
5.58073;34102.6
5.58554;34108
5.59169;34112.8
5.59688;34120.8
5.60243;34129.2
5.60875;34135.7
5.61409;34140.2
5.62059;34144.5
5.62571;34149.7
5.63165;34156.4
5.63715;34162.3
5.6425;34166.4
5.64835;34171.6
5.65416;34179
5.6597;34185.6
5.66535;34191.7
5.67116;34196.8
5.67724;34201.8
5.6826;34208.8
5.6886;34215.8
5.69569;34221.9
5.70086;34226.7
5.70662;34232.3
5.71221;34238.5
5.71859;34245.1
5.72414;34250.9
5.73051;34256.6
5.73671;34263.2
5.74253;34270.3
5.74914;34275.3
5.75498;34280.7
5.76073;34286.6
5.76679;34294.4
5.77274;34300
5.77795;34304.2
5.78453;34308.7
5.79084;34313.1
5.79624;34319.4
5.80263;34325.3
5.80955;34331.6
5.81554;34336.9
5.82189;34343.3
5.82833;34349.6
5.83435;34354.5
5.84073;34358.7
5.84696;34363.4
5.85333;34370.2
5.85909;34377.8
5.86649;34383.4
5.8724;34387.8
5.87854;34392.6
5.88565;34399.2
5.89271;34406.5
5.89878;34412.8
5.9058;34417.3
5.91251;34421.1
5.91808;34427.6
5.92436;34435.8
5.93006;34442.3
5.93653;34446.2
5.94316;34449.8
5.94865;34456.5
5.95478;34464.6
5.96144;34470.9
5.9685;34473.6
5.97498;34476.9
5.98105;34483.9
5.98676;34490.9
5.99241;34495.5
5.998;34499.6
6.00596;34504.9
6.01261;34513.2
6.0194;34519.8
6.0267;34524.5
6.0334;34528.1
6.04124;34533.8
6.04741;34541
6.05475;34546.4
6.06111;34550.1
6.06846;34554.3
6.0748;34561.1
6.0821;34568.1
6.08864;34573.4
6.09581;34576.9
6.10265;34581.9
6.10865;34590.5
6.11576;34598.4
6.12258;34601.9
6.12894;34604.5
6.1349;34608.2
6.14134;34615.2
6.14761;34622.1
6.15465;34626.9
6.16285;34630
6.16908;34635.1
6.17615;34641.9
6.18373;34648.1
6.18985;34652.1
6.19654;34655.5
6.20234;34660.9
6.20881;34666.9
6.21551;34671.9
6.22199;34676.8
6.22878;34681.5
6.2345;34687.4
6.24008;34693.9
6.24594;34699.7
6.25144;34705.6
6.25696;34711.2
6.26293;34717.5
6.269;34722.3
6.27433;34725.8
6.27951;34728.5
6.28428;34731.9
6.28945;34739
6.29469;34745
6.30018;34750.2
6.30578;34754.2
6.3099;34760.9
6.31442;34768.5
6.3191;34774.2
6.32415;34777.1
6.32961;34780
6.3338;34784.9
6.33839;34792.1
6.34374;34797.8
6.34858;34801.9
6.35388;34805.6
6.35911;34812.2
6.36494;34819.5
6.3699;34825.6
6.37578;34829.4
6.37941;34833.2
6.38331;34839
6.38815;34843.5
6.39412;34847.7
6.39902;34851
6.40434;34856.1
6.40971;34862.4
6.4159;34867.2
6.42103;34871
6.42654;34874.7
6.43296;34880.8
6.43746;34887.5
6.4424;34892.1
6.44694;34895.2
6.45203;34899.5
6.4577;34906.3
6.46275;34913.7
6.46878;34918.4
6.47423;34921.3
6.48;34926.4
6.4835;34933.9
6.48699;34939.4
6.4917;34941.9
6.49606;34945.2
6.50009;34949.9
6.50408;34956.7
6.50965;34961.7
6.51425;34965.5
6.51893;34968.7
6.52475;34973.4
6.53079;34980
6.53734;34985.8
6.54289;34989.1
6.54771;34992.5
6.55309;34998.4
6.55735;35004
6.56185;35008.1
6.5668;35011.6
6.57144;35016.6
6.57619;35021.8
6.58171;35027.5
6.58863;35033.3
6.59193;35038.8
6.59671;35044.2
6.60071;35049.5
6.60544;35054
6.60909;35058
6.61461;35061.5
6.61861;35065.2
6.62369;35071.1
6.62729;35076.8
6.63268;35081
6.6374;35083.6
6.64334;35087.7
6.64735;35094
6.6529;35099.8
6.65679;35104.3
6.6622;35107.8
6.66669;35111
6.67208;35115.3
6.67799;35120.9
6.68294;35125.5
6.68889;35129.2
6.69404;35135.1
6.6995;35142.7
6.70403;35147.5
6.70914;35149.4
6.71533;35152.1
6.72078;35157
6.72636;35162.5
6.73159;35166.6
6.73759;35170.6
6.74315;35175
6.74783;35181.1
6.75404;35186.8
6.75853;35191.6
6.7646;35195.2
6.77013;35198.5
6.77538;35203.8
6.78103;35208.4
6.78584;35211.4
6.792;35213.8
6.79746;35218.3
6.80321;35225.5
6.80868;35231
6.81488;35234.4
6.82139;35238
6.82654;35243.4
6.8325;35249.8
6.83791;35254.4
6.84295;35256.9
6.84928;35259.2
6.85406;35264.2
6.86118;35269.9
6.86654;35275.7
6.87133;35279
6.87626;35281.7
6.88174;35286.2
6.88751;35291.3
6.89329;35295.9
6.89875;35299.4
6.90393;35303.3
6.90946;35307.7
6.91493;35312.5
6.92113;35317.2
6.92663;35320.9
6.93275;35324.3
6.93864;35330.1
6.94424;35336.3
6.95013;35341.7
6.95538;35344.7
6.96166;35348.7
6.96795;35353
6.97438;35357.2
6.97998;35360.3
6.98612;35364.3
6.99242;35370.1
6.99876;35375.9
7.00483;35379.6
7.0109;35382.1
7.01655;35385
7.0227;35390.7
7.02938;35395.9
7.03561;35400.4
7.04163;35402.9
7.0486;35405.7
7.05444;35409.8
7.06186;35414.9
7.06799;35418.3
7.07469;35422
7.08088;35427.5
7.08676;35435.8
7.09388;35441
7.10011;35442.9
7.10765;35444.6
7.11394;35449.4
7.12064;35454.8
7.12783;35458.6
7.13423;35460.8
7.14085;35464.4
7.14731;35470.9
7.15414;35476.8
7.16096;35480
7.16709;35481.5
7.17441;35484.4
7.1801;35490.5
7.18679;35494.8
7.19364;35497.2
7.19985;35498.8
7.20654;35502.7
7.21356;35509.1
7.22113;35513.9
7.22764;35517.3
7.23574;35521.7
7.24264;35526.8
7.24993;35532
7.25675;35535.3
7.26399;35537.9
7.27059;35540.7
7.2774;35545.2
7.28415;35550.2
7.29099;35554.7
7.2977;35557.7
7.30464;35561.9
7.31069;35567.7
7.3173;35572.8
7.3244;35575.3
7.33101;35577.8
7.33753;35580.8
7.34348;35586.2
7.34938;35590.4
7.35509;35593.9
7.36103;35597.1
7.36715;35601.3
7.37324;35606.6
7.38003;35611
7.38588;35614.1
7.39211;35618.3
7.39823;35623
7.40456;35627.7
7.41046;35630.3
7.4159;35632.3
7.42154;35634.9
7.42771;35640.6
7.43348;35646.7
7.43939;35649.6
7.44585;35651.6
7.45199;35654.6
7.45738;35659.9
7.46273;35664.7
7.46891;35668.8
7.4748;35671.1
7.48033;35673.4
7.48542;35678.2
7.49093;35683.2
7.4966;35686.7
7.5024;35689.2
7.50787;35694.1
7.51284;35699.8
7.51834;35704.8
7.52348;35707.6
7.52846;35709.5
7.53376;35712.6
7.53914;35718.3
7.5446;35722.1
7.5496;35724.6
7.55509;35727.8
7.55988;35732.4
7.56421;35737.7
7.56969;35741.7
7.57508;35745
7.57996;35747.8
7.58469;35752.4
7.58898;35756.6
7.59479;35759.6
7.59928;35760.8
7.60443;35763.4
7.6089;35769
7.61509;35773.9
7.61985;35777.1
7.62558;35780.6
7.63042;35785
7.63594;35790.9
7.64051;35794.9
7.64543;35796.8
7.64936;35799.4
7.65461;35803.5
7.65963;35808.6
7.66468;35812.2
7.66916;35814.5
7.67413;35818.1
7.67836;35822.6
7.68279;35827.7
7.68853;35831.1
7.69294;35833.3
7.6994;35834.6
7.70576;35838.6
7.71152;35843.6
7.71735;35847.4
7.72268;35849.8
7.72799;35852.9
7.73308;35857.8
7.73749;35862.3
7.74249;35866.1
7.74825;35870
7.75329;35872.7
7.75829;35876.3
7.7631;35880.1
7.76819;35883.2
7.77184;35885.3
7.77806;35889.6
7.78411;35893.4
7.78933;35896.8
7.79431;35899.9
7.79913;35903.6
7.80289;35908.6
7.80703;35913.7
7.8121;35917.4
7.8173;35918.7
7.82204;35918.6
7.82648;35920.6
7.83146;35925.9
7.83588;35931
7.84135;35934.8
7.84704;35937.1
7.85308;35941.1
7.85966;35946.3
7.86539;35950.8
7.87106;35952.2
7.87651;35954.2
7.88279;35959
7.88754;35963.3
7.89303;35966.4
7.89816;35968.1
7.90385;35970.9
7.91073;35975.8
7.91676;35979.9
7.92204;35982.2
7.9275;35983.7
7.93305;35987.4
7.93893;35992.3
7.9443;35995.5
7.94998;35996.4
7.95541;35999.7
7.96136;36005.8
7.96619;36011
7.97151;36015
7.97635;36016.3
7.98231;36018.6
7.98771;36024.4
7.99378;36029.7
8.00009;36032
8.00648;36033.1
8.01202;36034.9
8.01711;36038.6
8.02355;36043.4
8.02891;36046.7
8.03454;36048.1
8.0406;36050.3
8.04689;36055.3
8.0532;36058.7
8.0593;36060.9
8.06532;36063.7
8.07162;36068.4
8.07709;36071.6
8.08283;36073.6
8.08929;36075.6
8.09576;36078.6
8.10204;36083.4
8.10843;36088.9
8.11458;36093.8
8.12079;36096.9
8.12722;36100.1
8.13376;36103.4
8.13876;36106.6
8.14459;36109.1
8.15105;36110.7
8.15753;36113
8.16416;36117.6
8.17078;36121.3
8.17733;36123
8.18371;36124.4
8.19066;36128.2
8.19659;36133.4
8.20337;36136.4
8.20974;36138
8.21661;36140.3
8.22331;36144.5
8.22949;36149.4
8.23576;36153.5
8.24201;36154.7
8.24911;36155.2
8.25537;36158.3
8.26199;36163.5
8.26829;36168.5
8.27391;36171.1
8.28061;36172.8
8.28799;36177.1
8.29362;36181.5
8.30074;36185.2
8.30711;36187.6
8.31363;36190.5
8.32016;36195.2
8.32736;36198.8
8.33451;36200.4
8.34081;36201.7
8.34884;36204.6
8.35629;36209.7
8.36389;36213.3
8.37092;36214.6
8.37827;36215.7
8.3861;36219.4
8.39268;36224.4
8.40015;36227.5
8.40641;36228.1
8.41397;36229.5
8.42125;36234.5
8.42859;36240.2
8.43476;36241.9
8.44216;36243.3
8.44942;36245.6
8.45627;36252.3
8.46321;36258.1
8.47017;36261.8
8.47761;36261.7
8.4837;36261.9
8.49121;36264.2
8.49751;36267.4
8.50544;36271
8.51157;36274.7
8.51891;36277.8
8.52573;36282
8.53375;36285
8.54128;36286.5
8.54786;36287.7
8.55486;36290.9
8.56119;36294.4
8.56825;36296.8
8.57501;36298.9
8.58164;36301.7
8.58841;36305.9
8.59334;36309.8
8.6;36313.3
8.60581;36316.2
8.61283;36318.4
8.61849;36322.2
8.62464;36325.5
8.63048;36327.6
8.63715;36329.2
8.64323;36331.2
8.64943;36335.2
8.65561;36338.5
8.66184;36340.9
8.66821;36343.1
8.67475;36346.2
8.68084;36350.4
8.68681;36352.5
8.69338;36353.4
8.69958;36356
8.70659;36360.9
8.71234;36364.9
8.71833;36367.9
8.72344;36369.8
8.72941;36371.8
8.73448;36375.8
8.74019;36380.6
8.74576;36383.1
8.75173;36384.5
8.75815;36386.8
8.76313;36391.6
8.76956;36395.8
8.7741;36397.3
8.77876;36397
8.78471;36399.6
8.79119;36404.3
8.79661;36407.3
8.80307;36408.6
8.80823;36410.3
8.81453;36413.3
8.81896;36417.3
8.82395;36420.7
8.82965;36423.7
8.83469;36425.4
8.83973;36427.9
8.84469;36432.2
8.85095;36435.6
8.85739;36436.4
8.86361;36437.9
8.87063;36442
8.87677;36446.2
8.88255;36448.4
8.88656;36449.1
8.89141;36452.6
8.8961;36457.7
8.90205;36462.1
8.9085;36463.2
8.91257;36463.5
8.91833;36465.6
8.92284;36470.2
8.92814;36473.3
8.93424;36474.8
8.93965;36477
8.9453;36480.1
8.95152;36484.3
8.95715;36487.3
8.96264;36488.2
8.96817;36489.6
8.97297;36492.2
8.97943;36496
8.98507;36498.4
8.98997;36500.7
8.99503;36503.3
9.00078;36506.1
9.00513;36509.2
9.01166;36512.2
9.01644;36515.5
9.02166;36517
9.0267;36519.6
9.03176;36522.7
9.0379;36525.2
9.04292;36526.8
9.04981;36529.1
9.05535;36533.6
9.06103;36536.9
9.06524;36539.2
9.06956;36540.2
9.07479;36543
9.08185;36546.3
9.0877;36548.9
9.09167;36550.9
9.09731;36552.1
9.10256;36555.1
9.10716;36560.3
9.11275;36564
9.11869;36564.5
9.12464;36565
9.13021;36568.7
9.13603;36574.2
9.14184;36577
9.14768;36577.4
9.15395;36578
9.16019;36581.6
9.16624;36585.6
9.17149;36588.3
9.17759;36588.7
9.18426;36590.8
9.19035;36595.1
9.19613;36597.8
9.20091;36600
9.20629;36602.3
9.21228;36604.5
9.21749;36607.2
9.22255;36609.8
9.2292;36612
9.23549;36614.2
9.24188;36618.1
9.24739;36622.1
9.25334;36625.3
9.25891;36626.4
9.26425;36626.2
9.27044;36629
9.27749;36632.4
9.28356;36635.7
9.28904;36637.6
9.29451;36638.9
9.3006;36641.2
9.3062;36644.5
9.31262;36647.5
9.31822;36648.4
9.32533;36650.2
9.33116;36653.8
9.33831;36658
9.3445;36659.2
9.3507;36659.8
9.35724;36661.7
9.36413;36667.1
9.37088;36671.3
9.37676;36673.3
9.38333;36675
9.38886;36678
9.39577;36681.3
9.40239;36683.7
9.40821;36685
9.4143;36686.1
9.42043;36689.2
9.42642;36692.9
9.43226;36694.9
9.43905;36695.3
9.44456;36696.5
9.45168;36700.2
9.45831;36703.2
9.46546;36704.7
9.47214;36705.2
9.4791;36707.2
9.48609;36710.9
9.49263;36714.9
9.49894;36717
9.5066;36717.9
9.51414;36719.4
9.52031;36723.8
9.52628;36726.6
9.53354;36728
9.54125;36729.2
9.54849;36732.7
9.55506;36738.1
9.5619;36740.9
9.56886;36741.3
9.57441;36741.3
9.58166;36743.9
9.58841;36747.2
9.59595;36749.5
9.60214;36750.9
9.60952;36752.5
9.6171;36755.3
9.62541;36758.6
9.63218;36761
9.63959;36761.9
9.64709;36764.1
9.65375;36767.5
9.66138;36769.4
9.66785;36769.6
9.67443;36769.7
9.68202;36771.6
9.6892;36776.5
9.69567;36780.4
9.70278;36781.3
9.70993;36781.8
9.71634;36784.9
9.72396;36789.4
9.7316;36792
9.73931;36793.1
9.74728;36795.1
9.75543;36798.7
9.76379;36802
9.77318;36802.2
9.78174;36803.2
9.79041;36805.8
9.79765;36810.1
9.80482;36813.7
9.81278;36815.6
9.81949;36815.7
9.82685;36816.8
9.83434;36819.9
9.84176;36822.8
9.84859;36823.8
9.85478;36823.6
9.86205;36826
9.8679;36831.1
9.87446;36834
9.88091;36834.3
9.88726;36835.4
9.89366;36839.4
9.89981;36843.4
9.90637;36846.1
9.91229;36846.2
9.91841;36847
9.92519;36850
9.93129;36853
9.93785;36855.6
9.94344;36858.1
9.94936;36860.9
9.95504;36863.7
9.95993;36864.9
9.96619;36866
9.97279;36866.5
9.97881;36868.2
9.98465;36871.2
9.99031;36872.7
9.99646;36873.7
10.0023;36876.1
10.0077;36879.1
10.0141;36882.7
10.02;36885.5
10.0262;36886.9
10.0321;36888.2
10.0374;36890.4
10.0421;36892.8
10.0478;36894.5
10.0531;36894.8
10.0581;36896.5
10.0633;36900.9
10.0685;36904.3
10.0742;36907
10.0796;36907.8
10.086;36908.8
10.0907;36911.3
10.0965;36913.7
10.1005;36914.8
10.1048;36915.4
10.1098;36917
10.1151;36920
10.1202;36923.4
10.1262;36924.6
10.132;36924.5
10.1373;36926.4
10.1427;36930.3
10.1481;36932.1
10.1534;36933
10.1583;36934.2
10.1641;36937.8
10.1691;36941.5
10.1761;36944.1
10.1811;36944.5
10.1868;36945.5
10.1933;36949.6
10.1987;36953.5
10.2038;36954.9
10.2073;36955.2
10.2131;36955.1
10.2185;36957.6
10.224;36960.2
10.2288;36962.8
10.2329;36963.9
10.2383;36965.1
10.2423;36968.4
10.2478;36970.3
10.2525;36970.8
10.2593;36970.9
10.2649;36972.3
10.2709;36976.1
10.2758;36979.4
10.2821;36980.9
10.2859;36981.5
10.2921;36982.6
10.2971;36985.8
10.303;36988.3
10.3084;36990.8
10.3129;36991.8
10.3198;36994.2
10.3253;36997.3
10.3309;37000
10.3357;37000.9
10.3422;37001.7
10.3474;37004.9
10.3531;37007.9
10.3577;37008.9
10.3628;37009
10.3694;37011.4
10.3748;37014.1
10.3798;37015.9
10.3844;37017.2
10.3897;37017.3
10.396;37017.5
10.4015;37020.2
10.4078;37022.2
10.4127;37023.8
10.4184;37024.4
10.425;37027.1
10.4296;37031.7
10.4352;37035.5
10.4413;37035.7
10.4468;37035.2
10.4534;37038
10.4584;37042.2
10.4639;37044.8
10.469;37044.5
10.4746;37044.3
10.4798;37047.2
10.4865;37051.1
10.4914;37053.5
10.498;37053.4
10.5035;37054.1
10.509;37057.2
10.5151;37059.8
10.5215;37060.8
10.5272;37060
10.5329;37060.9
10.5388;37064.5
10.5452;37067.1
10.5511;37068.1
10.5581;37069.5
10.5636;37073.4
10.569;37075.8
10.5752;37076.9
10.5808;37076.8
10.587;37077.8
10.5935;37080.8
10.5998;37084.4
10.6061;37086.3
10.6115;37086.8
10.6183;37087.9
10.6243;37089.9
10.631;37092.7
10.6375;37094
10.6435;37094.1
10.6502;37095.3
10.6566;37098.3
10.6631;37099.6
10.669;37100
10.6758;37101.1
10.682;37103.7
10.6891;37107.6
10.6957;37109.8
10.7031;37111
10.7084;37111.7
10.7162;37112.9
10.7218;37114.7
10.7288;37116.3
10.7351;37117.1
10.7421;37118.5
10.7489;37121.2
10.7556;37123.5
10.7622;37124.8
10.7686;37125.7
10.7761;37127
10.7824;37130.8
10.7892;37133.5
10.7955;37134.2
10.8015;37133.7
10.8092;37134.7
10.8152;37137.9
10.8218;37140.2
10.8281;37140.4
10.8349;37139.6
10.8421;37141
10.8488;37146
10.8558;37150.1
10.8629;37150.3
10.8704;37149.4
10.8765;37151
10.8836;37155.4
10.8909;37157.5
10.8984;37157.6
10.905;37157.7
10.9125;37160.2
10.9195;37163.4
10.9265;37165.2
10.9335;37165.7
10.942;37166.9
10.9492;37170.4
10.9563;37172.4
10.9637;37172.6
10.9706;37172
10.978;37172.6
10.9852;37174.9
10.992;37176.5
10.9995;37178.1
11.0069;37180.1
11.0135;37183.5
11.0205;37186.8
11.0282;37187.3
11.0353;37186.6
11.0432;37188.4
11.0514;37192
11.0588;37194.6
11.0665;37195.6
11.0739;37195.9
11.0812;37197.3
11.0883;37200.7
11.0962;37203.8
11.103;37204.8
11.1109;37205.2
11.1185;37206.7
11.1267;37209.4
11.1338;37210.4
11.141;37210.6
11.1481;37209.6
11.1552;37210.3
11.162;37213.9
11.1695;37216.5
11.1768;37218.4
11.1827;37219.4
11.1891;37220.5
11.1962;37222.4
11.2037;37224.6
11.2107;37225.5
11.2178;37226.2
11.2246;37228.1
11.2324;37230.6
11.2382;37232.6
11.2447;37233.2
11.2521;37233.1
11.2581;37235.6
11.2648;37238.4
11.2702;37240
11.2767;37239.7
11.2827;37240.6
11.2891;37243.3
11.2943;37245.8
11.2998;37246.6
11.3054;37246.8
11.3107;37247.9
11.3171;37251.3
11.3216;37254.3
11.3266;37255
11.3314;37254.2
11.3369;37255.3
11.343;37258.2
11.3474;37259.9
11.3525;37260.5
11.3582;37261.4
11.365;37264.1
11.371;37266.4
11.3766;37267.8
11.3821;37268.2
11.3877;37268.9
11.393;37270.8
11.3992;37272.7
11.4037;37273.1
11.4102;37273.9
11.4157;37275.9
11.4224;37279.4
11.4292;37280.4
11.4353;37280.4
11.4415;37280.6
11.447;37283.7
11.4525;37287.2
11.4571;37288.1
11.4626;37287.3
11.4678;37288
11.4733;37290.5
11.4797;37293
11.4861;37295
11.4917;37294.6
11.4959;37294.3
11.5015;37296.3
11.5066;37299.9
11.5127;37301.1
11.5187;37300.6
11.5248;37300.4
11.5312;37303
11.537;37306
11.542;37307.8
11.5474;37307.6
11.5527;37307.3
11.5589;37309.1
11.5652;37312.7
11.5718;37315.7
11.5769;37315.8
11.5831;37315.1
11.5874;37317.1
11.5945;37320.1
11.5995;37321.8
11.6062;37321.2
11.6119;37321.8
11.6187;37324.4
11.6239;37326.3
11.6309;37327
11.6369;37327.1
11.6427;37328.7
11.6482;37332.3
11.655;37336
11.6608;37336.1
11.6666;37335.1
11.6721;37336.3
11.6773;37338.3
11.6841;37339
11.6896;37338.9
11.6955;37339.3
11.7009;37342.6
11.7071;37345.9
11.7138;37347.2
11.7195;37345.6
11.7273;37345.8
11.7337;37349
11.7384;37351.7
11.7444;37352.1
11.7497;37352
11.7566;37352.3
11.7621;37355
11.7694;37357.4
11.7754;37359.4
11.7811;37359.6
11.7865;37361.5
11.794;37364
11.8004;37366.1
11.8064;37365.8
11.8125;37364.9
11.819;37365.6
11.8259;37368.4
11.8326;37371.4
11.8385;37372.9
11.8446;37373.8
11.8514;37375.9
11.8575;37376.8
11.8638;37376.9
11.8702;37376.7
11.8773;37377.4
11.8841;37380.3
11.891;37382.6
11.898;37382
11.9053;37380.5
11.9123;37382.3
11.9185;37386
11.9251;37388.4
11.9314;37388.8
11.9387;37388.8
11.9446;37390
11.9522;37393
11.9587;37394.6
11.965;37394.5
11.9713;37393.2
11.9774;37395.4
11.9852;37399.3
11.9922;37402.5
11.9992;37401.7
12.0058;37399.8
12.0123;37402
12.0198;37404.8
12.0266;37406.4
12.0335;37405.9
12.0403;37407.1
12.0476;37410.6
12.0551;37412.3
12.0613;37411.9
12.0691;37411.1
12.0759;37412
12.0837;37415.2
12.0909;37416
12.0975;37415.1
12.104;37415.6
12.1111;37417.7
12.1184;37420.3
12.1249;37420.7
12.1318;37419.8
12.1393;37420.5
12.1472;37425.3
12.1543;37429.4
12.1618;37429.5
12.1688;37427.2
12.1764;37427.6
12.1836;37431.7
12.1906;37433.8
12.1989;37434.5
12.2054;37433.8
12.2132;37435.1
12.221;37437.7
12.2291;37438.4
12.2361;37437.8
12.2442;37438.1
12.2527;37440.2
12.26;37442.6
12.2681;37443.3
12.2756;37442.4
12.2836;37442
12.2908;37443.7
12.2985;37447.9
12.3059;37449.8
12.3145;37449.7
12.3224;37449.6
12.3308;37452.3
12.3381;37454.1
12.3471;37454.1
12.3548;37453.4
12.3629;37454.5
12.3714;37457.8
12.3789;37460.7
12.3887;37460.8
12.3966;37460.4
12.4047;37461
12.413;37463.7
12.4209;37464.6
12.4297;37463.9
12.4372;37464.1
12.445;37465.4
12.4526;37466.9
12.461;37467.1
12.4691;37466.9
12.477;37467.7
12.4848;37472
12.4923;37474.7
12.4993;37474.9
12.5062;37474.6
12.5135;37475.7
12.5204;37477.5
12.5275;37478.6
12.535;37479.4
12.5417;37480.4
12.5486;37481
12.5556;37482.2
12.5624;37482.9
12.5701;37484.8
12.5766;37485.4
12.5833;37486.3
12.5911;37488.8
12.597;37489.5
12.6039;37488.9
12.6111;37488.3
12.6182;37489.2
12.6252;37491.8
12.6321;37493.3
12.6392;37493.5
12.6472;37494.6
12.6547;37496.7
12.6628;37498.5
12.6697;37499.8
12.6758;37500
12.6815;37499.4
12.6878;37501.4
12.6951;37503.8
12.7016;37504.2
12.7067;37502.9
12.7125;37502.8
12.7178;37505.8
12.7239;37508.1
12.7307;37509.4
12.7372;37510.1
12.7442;37510.7
12.7504;37511.9
12.7554;37511.9
12.7608;37511.4
12.766;37511
12.7729;37512.3
12.7793;37515.1
12.7855;37516.8
12.7909;37517.1
12.7961;37516.8
12.8019;37517.5
12.8081;37519.6
12.8144;37521
12.8198;37522.2
12.8256;37523
12.8327;37524
12.8394;37523.9
12.8457;37523.3
12.8525;37523.9
12.8569;37525.3
12.8625;37527.8
12.8683;37530.1
12.8748;37531.5
12.8814;37531.2
12.8873;37531.3
12.893;37532.5
12.899;37531.8
12.9053;37532.1
12.912;37532.5
12.9183;37534
12.9251;37536.7
12.9327;37538.8
12.9398;37538.6
12.9468;37538
12.954;37539.8
12.9611;37542.5
12.9666;37543.6
12.9731;37542.4
12.9783;37541.4
12.9853;37543.9
12.9915;37546.7
12.9979;37548
13.0042;37547.1
13.0101;37546.8
13.0156;37548.8
13.0222;37551.2
13.0281;37551.7
13.0339;37551.4
13.0403;37550.9
13.0464;37553
13.053;37555.4
13.0595;37556.5
13.0655;37554.9
13.0715;37554.4
13.0774;37556.5
13.0839;37559.2
13.0904;37560
13.0968;37559.6
13.1041;37560.9
13.1107;37562.5
13.117;37564.2
13.1235;37563.7
13.1317;37563.1
13.1386;37564.6
13.1451;37567
13.1515;37567.5
13.158;37566.6
13.1652;37566.2
13.1719;37568.6
13.1791;37571.6
13.186;37572.5
13.193;37571.6
13.1997;37571.2
13.2061;37572.4
13.2144;37573.4
13.2205;37573.7
13.2276;37574.2
13.2352;37575
13.2422;37578.2
13.2496;37580
13.2556;37579.6
13.2623;37578.6
13.2689;37580.2
13.2762;37582.2
13.2842;37583.1
13.2913;37582.7
13.2982;37583.2
13.3052;37583.9
13.3124;37585.2
13.3188;37585.4
13.3253;37585.2
13.3317;37585.2
13.339;37588.1
13.3471;37589.7
13.3537;37589.6
13.3605;37588.6
13.368;37588.8
13.3757;37591.8
13.3825;37593.6
13.3896;37593.5
13.3965;37592.7
13.4028;37593.6
13.4095;37596.7
13.4177;37598.4
13.4253;37597.3
13.4327;37596
13.4405;37597.2
13.4471;37600
13.4547;37600.9
13.4616;37599.7
13.4696;37598.1
13.4774;37600.5
13.4841;37603.7
13.4917;37605.8
13.4993;37605.1
13.507;37603.8
13.5143;37605.2
13.522;37606.6
13.5289;37607.4
13.536;37607
13.5436;37606.5
13.5508;37608.7
13.5589;37610.8
13.5663;37611
13.5744;37610.8
13.5823;37612.7
13.5903;37616
13.5988;37616.1
13.6073;37614.2
13.6152;37613
13.6235;37614.4
13.631;37616.7
13.6388;37617.5
13.6461;37616.1
13.6543;37615.9
13.6624;37619.1
13.6701;37621.7
13.6777;37621.4
13.6858;37619.7
13.6929;37620.3
13.7008;37622.9
13.7083;37625.1
13.7161;37625
13.725;37623.3
13.7341;37623.3
13.7419;37625.7
13.7503;37627.6
13.7581;37627.1
13.7668;37625.7
13.776;37627
13.7849;37630
13.7948;37631.4
13.8039;37632.4
13.8126;37633.2
13.8212;37633.3
13.8299;37634.3
13.8385;37634.8
13.8463;37634
13.8545;37633.3
13.8621;37635
13.8703;37636.7
13.8778;37637.5
13.8858;37636.5
13.8931;37636.9
13.9009;37639.1
13.9092;37640.2
13.9164;37639.4
13.9242;37639.1
13.9317;37639.5
13.9395;37641.9
13.9477;37643.3
13.9554;37644
13.9634;37642.9
13.9703;37643.3
13.9778;37645.5
13.9852;37647.9
13.9914;37647.9
13.998;37647.5
14.0041;37647.5
14.0111;37648.1
14.0184;37648.1
14.0251;37647.4
14.0312;37646.7
14.0373;37648.6
14.044;37651.2
14.0513;37652.7
14.0568;37653.6
14.0629;37653.6
14.069;37654.1
14.0751;37653.9
14.0816;37653.7
14.0878;37652.8
14.0934;37653.1
14.0997;37655.8
14.1061;37656.7
14.1128;37655.4
14.119;37654.2
14.1265;37655.5
14.1335;37658.3
14.1408;37658.6
14.148;37658.4
14.155;37658.7
14.1624;37659.9
14.1701;37661.3
14.1773;37662.1
14.1839;37661.1
14.1904;37660.4
14.197;37662.8
14.2042;37666.2
14.2115;37668.1
14.2186;37666.6
14.2244;37665.6
14.2305;37666.8
14.2367;37667.3
14.2431;37667.7
14.2504;37667
14.2572;37666.6
14.263;37668.3
14.2685;37669.5
14.2749;37669.9
14.282;37670
14.2878;37670.6
14.2945;37671.8
14.2999;37673
14.307;37673.1
14.3137;37672.4
14.3202;37672.7
14.3261;37674.6
14.3338;37675.9
14.3407;37676.6
14.3473;37678
14.3542;37680.6
14.3596;37682.1
14.3657;37680.8
14.3723;37678.8
14.3785;37677.7
14.3861;37679.2
14.3936;37680.9
14.4004;37681
14.4061;37679.1
14.4136;37678.2
14.4192;37680.4
14.4259;37682.7
14.4327;37683.9
14.4404;37682.9
14.447;37682.5
14.4547;37684.3
14.462;37685.4
14.4689;37685.1
14.4763;37683.9
14.4837;37684
14.4899;37686
14.4979;37688.1
14.5045;37689.2
14.5113;37688.7
14.5178;37689.2
14.5254;37690.8
14.5328;37691.9
14.5401;37690.4
14.5478;37688.9
14.555;37689.7
14.5629;37691.5
14.5694;37692.1
14.576;37691.1
14.5832;37690.6
14.5901;37692.9
14.5974;37693.8
14.6048;37693.8
14.6125;37692.8
14.6201;37692.9
14.6274;37695.4
14.6343;37696.9
14.6416;37695.6
14.648;37693.1
14.6555;37694.5
14.6622;37698.2
14.6701;37700.3
14.6774;37699.1
14.6843;37697.7
14.691;37697.7
14.6981;37698.9
14.7056;37700.2
14.7128;37701.3
14.72;37700.8
14.7275;37701
14.7348;37701.4
14.7425;37701.3
14.7499;37700.9
14.7575;37702.2
14.7645;37704.9
14.7717;37705.6
14.7803;37705.1
14.7872;37704.1
14.7952;37704.4
14.8026;37706
14.8098;37705.7
14.818;37703.9
14.826;37703
14.8335;37704.7
14.841;37706.7
14.849;37708
14.8557;37707.2
14.8641;37706.3
14.8718;37708.1
14.8793;37710.5
14.8867;37710.2
14.8942;37708.9
14.9026;37707.7
14.9102;37709.1
14.9187;37711.3
14.9262;37712
14.9343;37711
14.9424;37710.1
14.9498;37711.3
14.9586;37711.8
14.9677;37711.4
14.9756;37710.3
14.9835;37710.6
14.9921;37712.1
15.0003;37714.1
15.0095;37713.5
15.0174;37713.1
15.0265;37714.5
15.0358;37717.3
15.0449;37718.1
15.053;37716
15.0621;37714.7
15.071;37715.9
15.0795;37717.7
15.0882;37717.7
15.0967;37716.4
15.1056;37716
15.1149;37718.5
15.1234;37720.7
15.1321;37720
15.1401;37718.7
15.1491;37719.5
15.1583;37721.6
15.1666;37721.8
15.1756;37720.9
15.1854;37719.6
15.1949;37719.9
15.2043;37721.9
15.2137;37723.8
15.2235;37723.2
15.2334;37722.2
15.2428;37723.2
15.2508;37725.1
15.2594;37724.8
15.2679;37723.2
15.2773;37723.3
15.2868;37725.4
15.295;37726.7
15.3031;37725.1
15.3116;37723.8
15.3201;37725.2
15.3288;37728.4
15.3374;37729.3
15.346;37727.9
15.3549;37725.7
15.3626;37724.4
15.3709;37726.4
15.3787;37728.2
15.3871;37727.6
15.3953;37726.3
15.4042;37726.6
15.4131;37728.7
15.4214;37729
15.43;37728.7
15.4388;37728.5
15.4466;37729.1
15.4548;37730.3
15.4634;37731.1
15.4715;37730.1
15.4795;37728.1
15.4873;37728.1
15.4955;37729.9
15.5039;37731.2
15.5114;37731.3
15.5187;37731.3
15.5257;37732.6
15.5334;37733.4
15.541;37733.2
15.5485;37731.9
15.5551;37731.2
15.5634;37731.7
15.5705;37732.3
15.5765;37732.3
15.5843;37732
15.5913;37732.2
15.5975;37734
15.6039;37734.8
15.6107;37734.3
15.6184;37733.2
15.6258;37733.9
15.6317;37735.7
15.6387;37735.8
15.6448;37733.8
15.6515;37733.3
15.6583;37734.7
15.6653;37736.1
15.673;37737
15.6805;37736.7
15.6879;37736.1
15.6944;37736.7
15.7009;37737
15.7072;37736.1
15.7131;37736.3
15.7201;37737.1
15.7275;37739.5
15.7351;37740.7
15.7431;37739.9
15.7495;37738.7
15.7565;37738.5
15.7623;37739.6
15.7686;37739.8
15.7743;37738.2
15.7814;37737.5
15.7887;37739
15.7953;37740.2
15.8029;37739.2
15.8107;37737.2
15.8191;37737.3
15.8275;37739.4
15.8353;37741.4
15.843;37741.6
15.8501;37740.1
15.858;37739.6
15.866;37740.8
15.8732;37740.9
15.8801;37740.3
15.8881;37738.5
15.8966;37739.1
15.9039;37742
15.9109;37743.6
15.918;37742.6
15.9255;37740.9
15.933;37740.7
15.9408;37742.4
15.9475;37742.8
15.9545;37742.6
15.9611;37741.9
15.9694;37741.3
15.9774;37741.4
15.986;37741.2
15.9935;37741.2
16.0011;37740.8
16.0089;37743.4
16.0171;37745.3
16.0255;37745.6
16.0332;37743.2
16.0409;37742.3
16.0481;37743.6
16.0563;37745
16.0638;37744.9
16.0721;37744.5
16.08;37744.2
16.0876;37744.9
16.0954;37745.4
16.1032;37744.8
16.1108;37744.1
16.1185;37744.3
16.1266;37745.7
16.1351;37747
16.1428;37745.1
16.1515;37742.1
16.1594;37742.6
16.1671;37745
16.1747;37746.1
16.1826;37745
16.1907;37744.3
16.1988;37745.6
16.2071;37748
16.2153;37747.6
16.2234;37744.7
16.2315;37743.1
16.2398;37744
16.2481;37746
16.2564;37747.5
16.2646;37747.2
16.273;37746
16.2816;37746.5
16.2895;37747.1
16.2983;37746.2
16.3068;37744.3
16.3152;37743.5
16.3237;37745.4
16.3311;37746.7
16.3402;37746
16.3487;37744.1
16.3573;37743.5
16.366;37744.6
16.3748;37746.1
16.3829;37746.3
16.3919;37745.4
16.4001;37745.8
16.4088;37746.3
16.418;37746.8
16.4263;37746.1
16.435;37745.6
16.4432;37747.2
16.452;37748.9
16.4612;37749.8
16.4701;37748.1
16.479;37746.6
16.4876;37745.8
16.4967;37746.5
16.5054;37746.5
16.5144;37745.5
16.5234;37743.9
16.5319;37744.9
16.5409;37746.1
16.55;37746
16.5589;37745
16.5679;37746.3
16.5769;37747.7
16.5863;37748.1
16.5946;37747.5
16.6034;37747.9
16.6128;37748.1
16.6222;37748.7
16.6313;37748.1
16.6395;37746.8
16.649;37747.4
16.6581;37750.8
16.6679;37751.2
16.6775;37748.8
16.6871;37745.6
16.6964;37745.4
16.7059;37748.1
16.7151;37749.8
16.7251;37748
16.7337;37745.1
16.7428;37745
16.7519;37748.1
16.7608;37749.1
16.7707;37746.8
16.7805;37744.7
16.7908;37745.6
16.7993;37747.8
16.8084;37748.7
16.8174;37746.9
16.8269;37745.6
16.8372;37746.8
16.8472;37747.5
16.8567;37746.7
16.8664;37745.6
16.8766;37745
16.8867;37745.6
16.8969;37747.3
16.9074;37747
16.9177;37744.9
16.9278;37742.6
16.9382;37743.6
16.9483;37744.4
16.9577;37745
16.9669;37744.6
16.9765;37744.6
16.9858;37746
16.994;37746.8
17.0038;37745.2
17.0137;37743.7
17.0225;37743.8
17.0313;37745.1
17.041;37744.2
17.0493;37742.7
17.0579;37741.8
17.0658;37744.8
17.0738;37747.4
17.0821;37747.4
17.0905;37744.9
17.1;37743.1
17.1072;37743.6
17.1148;37743.8
17.1228;37743.3
17.1309;37741.9
17.1397;37740.8
17.1477;37742.2
17.1556;37742.6
17.1643;37742.8
17.1728;37742.3
17.1798;37742.1
17.1882;37743.2
17.1956;37743.6
17.2028;37741.4
17.2111;37739
17.2185;37739.7
17.2263;37743.5
17.2356;37744.2
17.2446;37742.5
17.2537;37741.3
17.2625;37741.5
17.27;37741.7
17.2774;37741.2
17.2849;37740.3
17.2928;37740.2
17.3019;37741.7
17.3105;37742.3
17.3188;37741.5
17.3263;37739.6
17.3342;37739.4
17.3415;37739.8
17.3493;37738.4
17.3558;37736.6
17.3629;37735.5
17.3717;37735.6
17.381;37737
17.3887;37737.8
17.3959;37736.2
17.4027;37736.4
17.41;37737.2
17.4176;37738.4
17.4258;37737.5
17.4342;37737.2
17.4412;37736.8
17.4491;37737.4
17.4561;37736.6
17.4643;37736
17.4723;37736.6
17.4799;37736.9
17.4886;37738
17.4972;37738.3
17.505;37737.5
17.5124;37735.2
17.5198;37734.7
17.5287;37735
17.5385;37733.9
17.5478;37731.5
17.5558;37730.9
17.5639;37732.2
17.5716;37734.1
17.5796;37734.2
17.5865;37733.3
17.5947;37732.5
17.603;37732.9
17.6114;37733.7
17.6192;37734
17.6277;37733
17.6371;37732
17.646;37732.2
17.6553;37733.5
17.6639;37732.8
17.6731;37729.9
17.6832;37728.6
17.6923;37731.4
17.7014;37733.4
17.7097;37731.7
17.7176;37729.9
17.7274;37728.4
17.7368;37729.1
17.745;37729.3
17.7533;37728.8
17.7622;37727.8
17.771;37726.6
17.7796;37727.5
17.7885;37728.7
17.7976;37728.5
17.8055;37726.5
17.8146;37726.3
17.8231;37727.8
17.8316;37728
17.8404;37726.4
17.8497;37724.6
17.8579;37724.6
17.8671;37725.5
17.8768;37725.9
17.8866;37725.1
17.8956;37723.8
17.9053;37724
17.915;37724.5
17.9245;37723.6
17.9338;37720
17.9438;37718
17.9533;37720.4
17.9635;37722.1
17.973;37721.4
17.9827;37720
17.9915;37719.3
18.0014;37720.9
18.0111;37721.2
18.0199;37720.2
18.0301;37717.6
18.0399;37717.8
18.0497;37719.8
18.0599;37720.3
18.0693;37718.8
18.0789;37716.5
18.0887;37716.3
18.0979;37718.2
18.1076;37719.9
18.1175;37717.8
18.1278;37714.8
18.1372;37715.4
18.1471;37716.4
18.1572;37715.1
18.1667;37712.1
18.1759;37711.6
18.1856;37713.6
18.1955;37714.2
18.2062;37713.2
18.2164;37711.1
18.2268;37710.1
18.2364;37711.3
18.2458;37712.3
18.255;37712.5
18.265;37711.5
18.2753;37711.9
18.2854;37713.2
18.2947;37711.6
18.3057;37709.1
18.3157;37708
18.327;37711
18.3366;37712.3
18.3477;37711.1
18.3571;37708.3
18.3677;37706.2
18.3775;37706
18.3878;37705.5
18.3978;37704.4
18.4066;37702.6
18.4169;37702.9
18.4272;37704.7
18.4382;37705.1
18.4484;37703.6
18.4601;37701.2
18.4706;37700.7
18.4822;37703.6
18.4943;37705
18.5056;37702.8
18.5171;37700.7
18.5286;37700.8
18.54;37701.1
18.5521;37700.1
18.5635;37698.4
18.5748;37698.8
18.585;37700.4
18.5968;37700.8
18.6077;37698.8
18.6177;37697.1
18.6276;37695.8
18.6383;37695.9
18.6487;37694.2
18.6592;37692.4
18.6693;37691.8
18.6795;37692.4
18.6893;37694.9
18.6999;37695.4
18.7099;37693.2
18.7192;37691.3
18.7287;37691.3
18.7384;37694
18.7486;37694.2
18.7579;37691.9
18.7672;37688.9
18.7764;37688.2
18.7855;37688.7
18.795;37688.7
18.8044;37687.5
18.8136;37686.4
18.8225;37687.3
18.832;37687.5
18.8416;37685.7
18.85;37683.3
18.8587;37681.3
18.8679;37682.7
18.8768;37684.1
18.8859;37684.5
18.8951;37683.9
18.9046;37683.2
18.9142;37683.7
18.9239;37682.7
18.933;37681.3
18.9414;37680.7
18.9499;37681.9
18.9598;37682.1
18.9685;37680
18.9779;37677.2
18.9877;37675.1
18.998;37675.7
19.0063;37676.1
19.0149;37675
19.0236;37672.6
19.0316;37671.7
19.0405;37672.6
19.0503;37672.5
19.0596;37670.3
19.0686;37668.2
19.0771;37668
19.0858;37668.7
19.0935;37669.4
19.1024;37669.5
19.1107;37667.8
19.1189;37666.6
19.1262;37667.4
19.1353;37667.9
19.1441;37667.8
19.1527;37666.7
19.1633;37665.6
19.1732;37665.3
19.1834;37664.5
19.1927;37663.4
19.2025;37663.9
19.2119;37664.5
19.2211;37664.5
19.2304;37663.3
19.2378;37661.2
19.2471;37659.6
19.2553;37659.6
19.2652;37658.9
19.2745;37657.3
19.2832;37655.9
19.2922;37655.4
19.3008;37656
19.3087;37655.6
19.3183;37654.2
19.3273;37652.4
19.3365;37651.5
19.345;37652.5
19.3556;37653
19.3651;37651.7
19.3742;37650.1
19.3833;37649.2
19.393;37650.2
19.4027;37650.6
19.4119;37649.6
19.4219;37647.6
19.4317;37647.1
19.4417;37647.5
19.4522;37647.7
19.4617;37646.4
19.471;37644.4
19.4807;37643.2
19.49;37643.5
19.5003;37644.1
19.5105;37642.7
19.5207;37640.3
19.5297;37638.8
19.5403;37638.4
19.5494;37637.3
19.5587;37636.3
19.5685;37635.1
19.5792;37635.4
19.5889;37634.7
19.5988;37633.6
19.6086;37632.3
19.6193;37632
19.6297;37632.5
19.6408;37632.4
19.6513;37630.3
19.662;37627.4
19.6728;37626.3
19.6825;37628.2
19.6938;37629.4
19.7039;37627.4
19.7142;37624.3
19.7246;37624.5
19.7359;37626.7
19.7458;37626.3
19.7563;37623.9
19.7672;37621.8
19.7774;37621.9
19.7883;37621.2
19.7985;37620
19.8083;37616.7
19.8192;37614.9
19.8296;37615.8
19.8402;37616.1
19.8508;37614.9
19.8613;37613.6
19.8719;37612.8
19.8825;37612.6
19.8935;37611.8
19.9042;37610.1
19.9159;37608.1
19.9262;37608.4
19.9369;37610.4
19.9479;37609.7
19.9587;37607.2
19.9702;37605.6
19.9814;37606.4
19.9923;37606.6
20.0037;37605.6
20.0141;37603.5
20.0257;37601.7
20.0367;37601.3
20.0481;37600.9
20.0597;37600.3
20.0711;37598.5
20.0824;37597.5
20.0938;37597.9
20.105;37597
20.117;37595
20.1283;37593
20.1397;37591.8
20.1512;37592.2
20.1636;37591.1
20.1757;37588.7
20.1873;37586.8
20.1992;37587.3
20.2108;37588
20.2227;37587.5
20.2346;37585.6
20.246;37583.6
20.2577;37583.4
20.2705;37583.3
20.2833;37582.3
20.2949;37580.6
20.3076;37579.1
20.3195;37579.1
20.3332;37578.3
20.3466;37576.2
20.3585;37573.7
20.3715;37573.1
20.3843;37574.8
20.3967;37574.4
20.4097;37572.6
20.4212;37570.6
20.4335;37569.8
20.4449;37570.3
20.457;37569.4
20.469;37567
20.4811;37564.5
20.4924;37564.9
20.5041;37565.6
20.5154;37565
20.5267;37562.7
20.5378;37560.6
20.5479;37560.4
20.559;37560.2
20.5699;37558.5
20.581;37555.6
20.5918;37555.1
20.6024;37556.1
20.6136;37556.1
20.6243;37552.6
20.6353;37549
20.6458;37547.9
20.6555;37549.7
20.6657;37550.3
20.6767;37547.2
20.6872;37543.4
20.6986;37542.2
20.7081;37543.8
20.7191;37543.5
20.73;37541
20.7402;37538.5
20.7496;37539.5
20.7598;37540.8
20.7708;37539.1
20.7803;37534.9
20.7902;37532.7
20.801;37532.1
20.8116;37531.6
20.8215;37529.4
20.8307;37527.8
20.8402;37526.1
20.8504;37526.5
20.8606;37526.3
20.8708;37524.8
20.8815;37521.6
20.8916;37519.9
20.9009;37519.8
20.9106;37518.3
20.9205;37516.1
20.9309;37514.3
20.9407;37512.8
20.9499;37512.5
20.9604;37512
20.9705;37511.7
20.9813;37509
20.9908;37507.3
21.0017;37506.9
21.0129;37506.5
21.024;37504.3
21.0349;37501.8
21.0442;37500.5
21.054;37500.2
21.0639;37499.4
21.0748;37497.1
21.0856;37494.5
21.097;37494.1
21.1076;37493.8
21.1178;37492.4
21.1275;37489.9
21.1381;37486.9
21.1478;37485.2
21.1584;37484
21.1695;37483
21.1801;37481.3
21.1911;37479.7
21.2002;37480.4
21.2111;37479.9
21.2217;37477.9
21.2323;37474.7
21.2437;37473.2
21.2543;37472.4
21.266;37471.7
21.277;37469
21.2888;37466.1
21.2998;37465.1
21.3102;37464.2
21.3218;37463.1
21.332;37461.4
21.3438;37460
21.3549;37458.9
21.3663;37457.3
21.3776;37455.3
21.3881;37452.5
21.3998;37450.1
21.4106;37449.5
21.4225;37448
21.4335;37445.2
21.4451;37442.9
21.456;37442.3
21.4668;37442.1
21.4783;37440.2
21.4894;37437.3
21.5011;37433.8
21.5125;37432.4
21.5247;37431.4
21.5362;37429.5
21.5485;37426.5
21.5602;37424.2
21.5716;37424.1
21.5834;37423.5
21.5958;37420.8
21.607;37416.4
21.6192;37412.9
21.6307;37411.5
21.6429;37410.5
21.6547;37408.6
21.6666;37405.4
21.6787;37402.3
21.6905;37401.4
21.7028;37401.2
21.7148;37400.8
21.7272;37397.5
21.7395;37394
21.7524;37392.3
21.7647;37390.8
21.7769;37387.7
21.7899;37383.7
21.8024;37381.2
21.815;37380.5
21.8271;37378.7
21.8394;37374.6
21.8519;37370.8
21.8643;37369.6
21.8757;37369
21.8889;37366.7
21.9007;37363.2
21.9136;37358.7
21.9246;37355.4
21.9372;37353.9
21.9505;37353.2
21.9634;37349.2
21.976;37345.4
21.9885;37345.1
22.0017;37344.1
22.015;37340.2
22.028;37335
22.0417;37331.8
22.0552;37330.9
22.069;37328.4
22.0825;37324.3
22.0962;37319.6
22.1091;37316.6
22.1227;37314.7
22.1366;37311.4
22.1496;37307.1
22.164;37302.7
22.1772;37300.8
22.1914;37299.3
22.2054;37294.9
22.2185;37287.7
22.2322;37283.1
22.2448;37282.4
22.2595;37280.7
22.2728;37276.2
22.2868;37272.1
22.3005;37268.7
22.3143;37265.9
22.3281;37262.6
22.3421;37257.5
22.3556;37251
22.3688;37246.2
22.3824;37244.3
22.3952;37240.8
22.4081;37235.1
22.4217;37229.3
22.4343;37225.5
22.4475;37222.1
22.4603;37218.4
22.4728;37213.7
22.4854;37207.3
22.4978;37203
22.5106;37198.8
22.523;37193.1
22.5344;37186.8
22.5474;37180.9
22.5595;37176.6
22.5725;37173.1
22.5838;37169
22.5967;37162.2
22.6093;37155.2
22.6214;37150.7
22.6342;37145.3
22.647;37137.7
22.6587;37130.5
22.6706;37125.5
22.6823;37121.3
22.6946;37115.3
22.7071;37107.6
22.7193;37099.2
22.7313;37092.6
22.7433;37087.3
22.7554;37080.6
22.7672;37072
22.7808;37062.5
22.7929;37055.3
22.8046;37049.5
22.8165;37042
22.8279;37033.4
22.8408;37025.9
22.8538;37021.5
22.8663;37014.8
22.8794;37004.8
22.8905;36993.1
22.9035;36984.1
22.9153;36976.9
22.9277;36968.4
22.9396;36957.5
22.9526;36946.9
22.9649;36938.4
22.9768;36931.1
22.988;36921.5
23.0006;36910.5
23.0133;36899.1
23.0256;36889.8
23.0378;36881.5
23.0502;36870.1
23.0632;36856.1
23.0752;36843.2
23.087;36834.5
23.1002;36825.3
23.1133;36813.8
23.1251;36801.8
23.1367;36790.5
23.1483;36780.6
23.161;36768.7
23.1739;36755.7
23.1855;36741.5
23.1987;36728.9
23.2116;36717.4
23.2249;36704.3
23.2389;36690.6
23.2523;36676.2
23.2645;36662.7
23.2783;36649.9
23.2915;36636.7
23.3047;36621.6
23.3184;36606.3
23.3315;36592.6
23.3449;36578.5
23.3587;36562.8
23.3724;36546.3
23.3857;36531.4
23.3997;36517.6
23.4126;36504.5
23.4263;36489.8
23.4405;36472.3
23.4543;36454
23.4681;36438.1
23.4818;36422.9
23.4954;36406.9
23.5097;36389.1
23.5233;36371.7
23.5375;36355.5
23.5516;36337.7
23.5657;36319
23.5792;36299.8
23.5929;36282.6
23.607;36266.7
23.621;36249.2
23.6352;36230.4
23.6493;36210.4
23.6637;36192
23.6779;36173.5
23.6923;36153.8
23.7064;36133.1
23.7215;36114.7
23.7352;36098.7
23.7491;36078.6
23.764;36056.6
23.7784;36034.9
23.7932;36014.1
23.8079;35994.9
23.822;35974.5
23.8373;35953.5
23.8515;35931
23.8665;35908.9
23.881;35888.8
23.8959;35867.8
23.9117;35846.2
23.9266;35823
23.9419;35800
23.9575;35778.4
23.9722;35756.5
23.9875;35733.9
24.0027;35711.3
24.0184;35689.6
24.0333;35666.2
24.0487;35642.5
24.065;35619.7
24.0806;35596.7
24.0957;35573.3
24.1115;35549
24.1269;35524.3
24.1415;35498.8
24.157;35473.9
24.1727;35449.3
24.1884;35425.2
24.204;35399.7
24.2196;35373.8
24.2352;35348.5
24.2512;35324.4
24.2676;35298.5
24.2837;35272
24.2997;35244.7
24.3166;35218.3
24.3326;35193.8
24.3487;35167.8
24.3642;35140.7
24.38;35112.7
24.3961;35086.1
24.4109;35059.3
24.4263;35032.1
24.4412;35002.8
24.4564;34973.7
24.4713;34947.2
24.4863;34920.9
24.5016;34891.9
24.5159;34861.7
24.53;34833
24.5444;34805.5
24.5584;34776.5
24.5724;34746.3
24.5866;34715.2
24.6008;34685.3
24.6147;34657
24.6288;34627.8
24.6436;34596.8
24.6565;34564.8
24.6712;34533.6
24.6857;34503.7
24.6998;34472.9
24.7125;34441.1
24.7259;34409.6
24.739;34378.4
24.7531;34348
24.7672;34316.3
24.7805;34283.7
24.7935;34250.6
24.8062;34219.3
24.82;34188.2
24.8333;34155.5
24.8477;34120.6
24.8606;34085.6
24.8753;34052.8
24.8884;34020.2
24.9025;33986.2
24.9155;33950.5
24.9297;33915.5
24.9441;33882.3
24.9576;33848.5
24.9704;33812.5
24.9843;33776.2
24.9984;33740.4
25.0125;33706.7
25.0263;33670.2
25.0391;33632.7
25.0533;33596.5
25.0663;33562.4
25.0794;33527.2
25.0943;33489.9
25.1089;33451.6
25.1231;33414
25.1369;33377.8
25.149;33341.1
25.164;33302.7
25.1776;33264.1
25.1914;33226.3
25.2056;33188.6
25.2186;33149.2
25.2337;33109.4
25.2471;33068.5
25.26;33028.8
25.2745;32991.2
25.2886;32951.5
25.3024;32910
25.3165;32868.4
25.3307;32828.4
25.3452;32789.1
25.3586;32748.5
25.3731;32706.2
25.387;32664
25.4029;32623.7
25.4173;32583.4
25.4325;32540.6
25.4456;32496.1
25.4608;32452.4
25.4748;32411
25.4888;32369
25.5036;32325.3
25.5177;32280
25.5319;32235.2
25.5474;32192.3
25.5623;32148.6
25.5768;32103.2
25.5915;32057.5
25.6063;32011.7
25.6215;31967.3
25.6369;31921.9
25.6525;31875.1
25.6678;31828.2
25.6838;31782
25.6986;31736.5
25.7141;31689.2
25.73;31640.8
25.7453;31593.6
25.761;31547.8
25.7763;31500
25.7925;31450.5
25.8085;31399.7
25.8245;31351.5
25.8409;31304
25.8566;31255.3
25.8731;31204.3
25.8887;31152.5
25.9045;31101.9
25.9206;31052.9
25.9368;31001.7
25.953;30949.4
25.9687;30897.2
25.9856;30846.1
26.0014;30795.6
26.0176;30742.8
26.0342;30688.9
26.0501;30634.8
26.0664;30581.6
26.0816;30529.5
26.0984;30475.8
26.115;30420.7
26.1322;30365.6
26.1497;30311
26.1667;30255.2
26.1839;30198.8
26.2011;30143
26.2172;30087.7
26.2339;30031.8
26.2507;29973.8
26.2687;29915.3
26.2853;29857.3
26.3023;29800.4
26.3193;29742.8
26.336;29684.2
26.3534;29624.2
26.3709;29563.8
26.3881;29503.3
26.4065;29443.3
26.4234;29382.2
26.4403;29320.1
26.4582;29258.7
26.4761;29198.9
26.4938;29138.2
26.5123;29074.6
26.5293;29010
26.5467;28945.6
26.5638;28882.6
26.5814;28819.8
26.5982;28755.9
26.6139;28690.6
26.6304;28624
26.6472;28558.4
26.6638;28491.9
26.6803;28424.7
26.6962;28357.5
26.7121;28290.2
26.7277;28223
26.7431;28154.4
26.7597;28085.1
26.775;28015.2
26.7897;27945.4
26.8043;27874.9
26.82;27803.5
26.8347;27732.2
26.8494;27661.2
26.8647;27589.4
26.8799;27516.5
26.895;27441.9
26.9086;27367.2
26.9245;27292.6
26.9401;27218.3
26.9541;27143.2
26.9697;27067.1
26.9846;26989.7
27.0008;26911.9
27.0175;26833.6
27.0336;26755.1
27.0497;26676
27.0645;26596.6
27.0793;26516.6
27.0956;26436.9
27.1118;26354.3
27.127;26271
27.1427;26187.3
27.1579;26104.8
27.1739;26022.5
27.189;25938.3
27.2059;25851.7
27.2222;25763.4
27.2381;25675.1
27.2531;25586.5
27.2694;25496
27.2866;25405.3
27.3029;25314
27.3174;25222.7
27.3337;25130.8
27.3497;25036.7
27.3663;24940.5
27.3827;24844.4
27.3987;24748.4
27.4141;24651
27.4307;24551.9
27.4468;24452
27.4637;24351.7
27.481;24250.5
27.4969;24146.5
27.5138;24040.7
27.5313;23934
27.5495;23827
27.5653;23718
27.5819;23603.7
27.6002;16188.7
27.6768;11478.2
