Tijd (s);Hoogte (m)
-10;3450
-9.8;3450.023271
-9.6;3450.049338
-9.4;3450.077602
-9.2;3450.107356
-9;3450.137815
-8.8;3450.168153
-8.6;3450.197537
-8.4;3450.225163
-8.2;3450.250294
-8;3450.272296
-7.8;3450.290664
-7.6;3450.305051
-7.4;3450.31528
-7.2;3450.321358
-7;3450.323473
-6.8;3450.321987
-6.6;3450.317422
-6.4;3450.31043
-6.2;3450.301768
-6;3450.29226
-5.8;3450.282755
-5.6;3450.274091
-5.4;3450.267055
-5.2;3450.262337
-5;3450.260508
-4.8;3450.261984
-4.6;3450.267008
-4.4;3450.27564
-4.2;3450.28775
-4;3450.303028
-3.8;3450.320993
-3.6;3450.341021
-3.4;3450.362371
-3.2;3450.384221
-3;3450.405706
-2.8;3450.425959
-2.6;3450.444151
-2.4;3450.459528
-2.2;3450.471449
-2;3450.479412
-1.8;3450.483075
-1.6;3450.482274
-1.4;3450.477027
-1.2;3450.467531
-1;3450.454151
-0.8;3450.437402
-0.6;3450.417922
-0.4;3450.396443
-0.2;3450.373756
0;3450.350675
0.2;3449.935602
0.4;3449.129851
0.6;3447.935787
0.8;3446.356777
1;3444.397148
1.2;3442.062129
1.4;3439.357801
1.6;3436.291031
1.8;3432.869416
2;3429.101221
2.2;3424.995315
2.4;3420.56111
2.6;3415.808503
2.8;3410.747812
3;3405.389715
3.2;3399.745192
3.4;3393.825463
3.6;3387.641928
3.8;3381.206101
4;3374.529553
4.2;3367.623848
4.4;3360.500479
4.6;3353.170809
4.8;3345.646009
5;3337.937003
5.2;3330.05441
5.4;3322.008498
5.6;3313.809143
5.8;3305.465784
6;3296.987404
6.2;3288.382503
6.4;3279.659088
6.6;3270.824675
6.8;3261.886288
7;3252.850484
7.2;3243.723367
7.4;3234.510623
7.6;3225.217556
7.8;3215.84912
8;3206.409968
8.2;3196.904486
8.4;3187.336834
8.6;3177.710983
8.8;3168.030743
9;3158.299792
9.2;3148.521691
9.4;3138.699897
9.6;3128.837763
9.8;3118.938541
10;3109.005367
10.2;3099.041248
10.4;3089.049042
10.6;3079.031439
10.8;3068.990935
11;3058.929811
11.2;3048.850119
11.4;3038.753661
11.6;3028.641983
11.8;3018.516373
12;3008.377863
12.2;2998.227246
12.4;2988.065089
12.6;2977.891768
12.8;2967.707492
13;2957.512349
13.2;2947.306341
13.4;2937.08943
13.6;2926.86158
13.8;2916.622793
14;2906.373154
14.2;2896.112852
14.4;2885.84221
14.6;2875.561698
14.8;2865.271941
15;2854.973715
15.2;2844.667935
15.4;2834.35564
15.6;2824.037959
15.8;2813.716084
16;2803.39123
16.2;2793.064595
16.4;2782.737321
16.6;2772.410452
16.8;2762.084903
17;2751.761428
17.2;2741.440592
17.4;2731.122763
17.6;2720.8081
17.8;2710.496553
18;2700.187879
18.2;2689.881655
18.4;2679.577311
18.6;2669.274153
18.8;2658.971411
19;2648.668269
19.2;2638.363909
19.4;2628.057553
19.6;2617.748494
19.8;2607.436132
20;2597.119997
20.2;2586.799768
20.4;2576.475284
20.6;2566.146547
20.8;2555.813711
21;2545.477078
21.2;2535.137067
21.4;2524.794196
21.6;2514.449048
21.8;2504.10224
22;2493.754389
22.2;2483.406081
22.4;2473.057841
22.6;2462.710107
22.8;2452.363214
23;2442.017375
23.2;2431.67268
23.4;2421.329091
23.6;2410.986456
23.8;2400.644518
24;2390.302937
24.2;2379.961311
24.4;2369.619205
24.6;2359.276176
24.8;2348.931805
25;2338.585717
25.2;2328.237604
25.4;2317.887248
25.6;2307.534527
25.8;2297.179425
26;2286.822031
26.2;2276.462533
26.4;2266.101203
26.6;2255.738384
26.8;2245.374468
27;2235.009867
27.2;2224.644994
27.4;2214.280236
27.6;2203.915928
27.8;2193.552335
28;2183.189637
28.2;2172.827917
28.4;2162.467155
28.6;2152.107233
28.8;2141.747942
29;2131.388994
29.2;2121.030044
29.4;2110.670712
29.6;2100.310611
29.8;2089.949372
30;2079.586673
30.2;2069.222268
30.4;2058.856001
30.6;2048.487835
30.8;2038.117854
31;2027.746275
31.2;2017.373441
31.4;2006.999818
31.6;1996.625972
31.8;1986.252552
32;1975.88026
32.2;1965.509819
32.4;1955.141937
32.6;1944.777278
32.8;1934.416422
33;1924.059836
33.2;1913.707847
33.4;1903.360623
33.6;1893.018158
33.8;1882.680267
34;1872.346587
34.2;1862.01659
34.4;1851.689604
34.6;1841.364835
34.8;1831.041403
35;1820.718378
35.2;1810.394819
35.4;1800.069816
35.6;1789.742529
35.8;1779.412226
36;1769.078311
36.2;1758.740357
36.4;1748.398115
36.6;1738.051533
36.8;1727.700748
37;1717.346085
37.2;1706.988035
37.4;1696.627232
37.6;1686.264423
37.8;1675.90043
38;1665.53611
38.2;1655.172317
38.4;1644.809857
38.6;1634.449453
38.8;1624.091712
39;1613.737096
39.2;1603.385901
39.4;1593.038247
39.6;1582.694073
39.8;1572.353142
40;1562.015057
40.2;1551.679277
40.4;1541.345153
40.6;1531.011952
40.8;1520.6789
41;1510.345215
41.2;1500.010146
41.4;1489.67301
41.6;1479.33322
41.8;1468.990313
42;1458.64397
42.2;1450.239791
42.4;1443.232002
42.6;1437.420751
42.8;1432.606331
43;1428.589157
43.2;1425.369747
43.4;1422.748695
43.6;1420.526632
43.8;1418.704205
44;1417.141222
44.2;1415.573502
44.4;1414.004346
44.6;1412.43555
44.8;1410.868098
45;1409.302506
45.2;1407.738994
45.4;1406.177585
45.6;1404.618154
45.8;1403.060471
46;1401.504231
46.2;1399.949083
46.4;1398.39466
46.6;1396.840604
46.8;1395.286593
47;1393.732361
47.2;1392.177715
47.4;1390.622549
47.6;1389.066845
47.8;1387.510679
48;1385.95421
48.2;1384.397669
48.4;1382.841344
48.6;1381.285555
48.8;1379.730635
49;1378.176899
49.2;1376.624625
49.4;1375.074028
49.6;1373.525239
49.8;1371.978292
50;1370.433113
50.2;1368.889514
50.4;1367.347201
50.6;1365.805778
50.8;1364.264766
51;1362.72362
51.2;1361.181762
51.4;1359.638603
51.6;1358.093576
51.8;1356.546168
52;1354.995946
52.2;1353.442587
52.4;1351.885894
52.6;1350.325817
52.8;1348.762455
53;1347.196063
53.2;1345.627041
53.4;1344.05592
53.6;1342.483341
53.8;1340.910028
54;1339.336757
54.2;1337.764315
54.4;1336.193468
54.6;1334.624924
54.8;1333.059297
55;1331.497074
55.2;1329.938597
55.4;1328.384038
55.6;1326.833391
55.8;1325.286473
56;1323.742927
56.2;1322.202238
56.4;1320.66376
56.6;1319.12674
56.8;1317.590357
57;1316.053762
57.2;1314.516113
57.4;1312.976621
57.6;1311.434586
57.8;1309.889432
58;1308.340734
58.2;1306.78824
58.4;1305.231887
58.6;1303.671802
58.8;1302.108298
59;1300.541864
59.2;1298.973138
59.4;1297.402885
59.6;1295.831956
59.8;1294.261254
60;1292.691694
60.2;1291.124157
60.4;1289.559458
60.6;1287.998305
60.8;1286.44127
61;1284.888768
61.2;1283.341038
61.4;1281.798137
61.6;1280.259939
61.8;1278.726149
62;1277.196315
62.2;1275.669857
62.4;1274.14609
62.6;1272.624266
62.8;1271.103603
63;1269.583324
63.2;1268.062695
63.4;1266.541048
63.6;1265.017817
63.8;1263.492555
64;1261.964949
64.2;1260.434827
64.4;1258.902159
64.6;1257.367046
64.8;1255.829709
65;1254.290467
65.2;1252.749714
65.4;1251.20789
65.6;1249.665453
65.8;1248.122848
66;1246.580484
66.2;1245.038707
66.4;1243.497782
66.6;1241.95788
66.8;1240.41907
67;1238.881316
67.2;1237.344485
67.4;1235.808358
67.6;1234.272646
67.8;1232.737009
68;1231.201083
68.2;1229.664502
68.4;1228.126925
68.6;1226.588059
68.8;1225.047678
69;1223.50564
69.2;1221.961898
69.4;1220.416507
69.6;1218.86962
69.8;1217.321481
70;1215.772413
70.2;1214.2228
70.4;1212.673062
70.6;1211.123633
70.8;1209.574931
71;1208.027333
71.2;1206.48115
71.4;1204.936603
71.6;1203.393811
71.8;1201.852771
72;1200.31336
72.2;1198.775333
72.4;1197.238332
72.6;1195.701901
72.8;1194.165507
73;1192.628566
73.2;1191.090474
73.4;1189.550637
73.6;1188.008505
73.8;1186.463603
74;1184.91556
74.2;1183.36413
74.4;1181.809215
74.6;1180.250872
74.8;1178.689318
75;1177.124927
75.2;1175.558214
75.4;1173.98982
75.6;1172.420478
75.8;1170.85099
76;1169.282183
76.2;1167.714874
76.4;1166.149834
76.6;1164.587745
76.8;1163.029171
77;1161.474528
77.2;1159.924062
77.4;1158.377837
77.6;1156.835723
77.8;1155.297408
78;1153.762402
78.2;1152.230063
78.4;1150.699623
78.6;1149.170219
78.8;1147.640936
79;1146.110844
79.2;1144.579044
79.4;1143.044703
79.6;1141.507097
79.8;1139.965637
80;1138.419903
80.2;1136.869653
80.4;1135.314841
80.6;1133.755609
80.8;1132.192288
81;1130.625374
81.2;1129.055506
81.4;1127.483436
81.6;1125.909992
81.8;1124.336043
82;1122.762453
82.2;1121.190048
82.4;1119.619578
82.6;1118.051682
82.8;1116.486869
83;1114.92549
83.2;1113.367734
83.4;1111.813624
83.6;1110.263018
83.8;1108.715627
84;1107.171032
84.2;1105.62871
84.4;1104.088065
84.6;1102.54846
84.8;1101.00925
85;1099.469816
85.2;1097.929596
85.4;1096.388107
85.6;1094.844974
85.8;1093.299935
86;1091.752857
86.2;1090.203734
86.4;1088.652679
86.6;1087.099914
86.8;1085.54575
87;1083.990568
87.2;1082.434785
87.4;1080.878838
87.6;1079.323147
87.8;1077.768093
88;1076.213997
88.2;1074.661099
88.4;1073.109545
88.6;1071.559382
88.8;1070.010553
89;1068.462907
89.2;1066.916206
89.4;1065.370146
89.6;1063.824372
89.8;1062.278509
90;1060.732178
90.2;1059.185028
90.4;1057.636759
90.6;1056.087137
90.8;1054.536018
91;1052.983353
91.2;1051.429198
91.4;1049.873709
91.6;1048.317137
91.8;1046.759815
92;1045.202137
92.2;1043.644535
92.4;1042.087455
92.6;1040.531326
92.8;1038.976536
93;1037.423401
93.2;1035.872144
93.4;1034.322875
93.6;1032.775581
93.8;1031.230115
94;1029.686196
94.2;1028.143423
94.4;1026.601284
94.6;1025.059177
94.8;1023.516442
95;1021.972386
95.2;1020.426323
95.4;1018.877602
95.6;1017.325648
95.8;1015.769988
96;1014.210281
96.2;1012.64634
96.4;1011.078146
96.6;1009.505854
96.8;1007.929793
97;1006.350457
97.2;1004.768484
97.4;1003.184633
97.6;1001.599753
97.8;1000.014746
98;998.4305249
98.2;996.8479787
98.4;995.2679282
98.6;993.6910904
98.8;992.1180459
99;990.5492125
99.2;988.9848256
99.4;987.4249281
99.6;985.8693682
99.8;984.3178064
100;982.7697321
100.2;981.2244867
100.4;979.6812949
100.6;978.1393002
100.8;976.5976047
101;975.0553104
101.2;973.5115602
101.4;971.9655763
101.6;970.4166954
101.8;968.8643969
102;967.3083254
102.2;965.7483037
102.4;964.1843387
102.6;962.6166172
102.8;961.045494
103;959.4714718
103.2;957.8951747
103.4;956.3173159
103.6;954.7386624
103.8;953.1599975
104;951.582083
104.2;950.005624
104.4;948.4312364
104.6;946.8594208
104.8;945.2905413
105;943.7248127
105.2;942.162295
105.4;940.6028955
105.6;939.0463794
105.8;937.4923865
106;935.9404536
106.2;934.3900424
106.4;932.8405694
106.6;931.2914379
106.8;929.7420692
107;928.1919321
107.2;926.6405685
107.4;925.0876147
107.6;923.5328168
107.8;921.976039
108;920.4172661
108.2;918.8565984
108.4;917.2942408
108.6;915.7304859
108.8;914.1656934
109;912.6002655
109.2;911.0346209
109.4;909.4691689
109.6;907.9042847
109.8;906.3402871
110;904.7774208
110.2;903.2158436
110.4;901.6556192
110.6;900.0967165
110.8;898.5390144
111;896.9823136
111.2;895.4263524
111.4;893.8708271
111.6;892.3154158
111.8;890.759803
112;889.2037049
112.2;887.6468923
112.4;886.0892119
112.6;884.5306022
112.8;882.9711046
113;881.4108685
113.2;879.8501494
113.4;878.2893012
113.6;876.7287611
113.8;875.1690303
114;873.6106482
114.2;872.0541649
114.4;870.5001108
114.6;868.9489662
114.8;867.4011318
115;865.8569031
115.2;864.3164484
115.4;862.7797929
115.6;861.2468098
115.8;859.7172181
116;858.1905895
116.2;856.666361
116.4;855.1438567
116.6;853.6223143
116.8;852.1009169
117;850.5788291
117.2;849.0552336
117.4;847.5293688
117.6;846.0005637
117.8;844.4682697
118;842.932087
118.2;841.3917833
118.4;839.8473065
118.6;838.2987874
118.8;836.7465345
119;835.19102
119.2;833.6328581
119.4;832.0727762
119.6;830.5115802
119.8;828.9501165
120;827.3892316
120.2;825.8297311
120.4;824.2723415
120.6;822.7176744
120.8;821.1661973
121;819.6182108
121.2;818.0738334
121.4;816.5329959
121.6;814.9954437
121.8;813.4607489
122;811.9283302
122.2;810.3974801
122.4;808.8673985
122.6;807.3372296
122.8;805.8061026
123;804.2731718
123.2;802.7376562
123.4;801.1988747
123.6;799.656278
123.8;798.1094718
124;796.5582346
124.2;795.002526
124.4;793.4424866
124.6;791.8784295
124.8;790.3108242
125;788.740273
125.2;787.1674817
125.4;785.5932265
125.6;784.0183181
125.8;782.4435652
126;780.8697387
126.2;779.2975398
126.4;777.7275714
126.6;776.160316
126.8;774.5961198
127;773.0351847
127.2;771.4775669
127.4;769.9231839
127.6;768.3718277
127.8;766.8231839
128;765.2768559
128.2;763.7323919
128.4;762.1893138
128.6;760.6471466
128.8;759.1054454
129;757.5638199
129.2;756.021955
129.4;754.4796249
129.6;752.9367026
129.8;751.3931616
130;749.849072
130.2;748.3045905
130.4;746.7599448
130.6;745.2154138
130.8;743.6713044
131;742.1279276
131.2;740.5855729
131.4;739.0444858
131.6;737.5048463
131.8;735.966753
132;734.430211
132.2;732.8951267
132.4;731.3613078
132.6;729.8284701
132.8;728.2962506
133;726.7642246
133.2;725.2319286
133.4;723.6988855
133.6;722.1646311
133.8;720.6287417
134;719.0908594
134.2;717.550715
134.4;716.0081461
134.6;714.46311
134.8;712.9156908
135;711.3660983
135.2;709.8146615
135.4;708.2618141
135.6;706.7080746
135.8;705.1540209
136;703.6002606
136.2;702.0473998
136.4;700.4960099
136.6;698.9465962
136.8;697.3995685
137;695.8552165
137.2;694.3136901
137.4;692.7749872
137.6;691.2389486
137.8;689.705261
138;688.1734677
138.2;686.6429878
138.4;685.1131409
138.6;683.5831788
138.8;682.0523203
139;680.5197891
139.2;678.9848521
139.4;677.4468565
139.6;675.905264
139.8;674.3596795
140;672.8098743
140.2;671.2558007
140.4;669.6975993
140.6;668.1355968
140.8;666.5702946
141;665.0023502
141.2;663.4325495
141.4;661.8617743
141.6;660.2909641
141.8;658.7210751
142;657.1530383
142.2;655.5877184
142.4;654.0258763
142.6;652.4681349
142.8;650.9149528
143;649.3666044
143.2;647.8231693
143.4;646.2845297
143.6;644.7503779
143.8;643.2202314
144;641.6934565
144.2;640.169298
144.4;638.6469142
144.6;637.1254153
144.8;635.6039031
145;634.0815103
145.2;632.5574377
145.4;631.0309868
145.6;629.501587
145.8;627.9688163
146;626.4324139
146.2;624.8922845
146.4;623.3484952
146.6;621.8012632
146.8;620.2509381
147;618.6979769
147.2;617.142915
147.4;615.5863342
147.6;614.0288295
147.8;612.4709763
148;610.9133001
148.2;609.3562491
148.4;607.8001734
148.6;606.2453087
148.8;604.691768
149;603.1395397
149.2;601.5884929
149.4;600.0383893
149.6;598.488901
149.8;596.9396326
150;595.3901465
150.2;593.8399907
150.4;592.2887262
150.6;590.735953
150.8;589.1813337
151;587.6246126
151.2;586.0656301
151.4;584.5043304
151.6;582.9407641
151.8;581.3750832
152;579.8075307
152.2;578.2384254
152.4;576.6681409
152.6;575.097083
152.8;573.5256642
153;571.9542783
153.2;570.3832767
153.4;568.8129467
153.6;567.243494
153.8;565.6750305
154;564.1075677
154.2;562.5410163
154.4;560.9751929
154.6;559.4098312
154.8;557.8446008
155;556.2791289
155.2;554.7130259
155.4;553.1459129
155.6;551.5774498
155.8;550.0073613
156;548.435461
156.2;546.8616707
156.4;545.2860343
156.6;543.7087252
156.8;542.1300471
157;540.5504269
157.2;538.9704007
157.4;537.3905933
157.6;535.8116923
157.8;534.2344168
158;532.6594842
158.2;531.0875754
158.4;529.5192996
158.6;527.9551629
158.8;526.3955397
159;524.8406502
159.2;523.2905441
159.4;521.745093
159.6;520.2039898
159.8;518.6667578
160;517.1327675
160.2;515.6012604
160.4;514.0713799
160.6;512.5422073
160.8;511.0128009
161;509.4822361
161.2;507.9496466
161.4;506.4142614
161.6;504.8754391
161.8;503.3326954
162;501.785724
162.2;500.2344087
162.4;498.6788273
162.6;497.1192459
162.8;495.5561047
163;493.9899958
163.2;492.4216337
163.4;490.8518205
163.6;489.2814068
163.8;487.7112514
164;486.1421799
164.2;484.5749462
164.4;483.0101971
164.6;481.448443
164.8;479.8900348
165;478.3351494
165.2;476.7837829
165.4;475.2357538
165.6;473.6907134
165.8;472.1481649
166;470.6074895
166.2;469.0679774
166.4;467.5288632
166.6;465.9893633
166.8;464.4487136
167;462.9062054
167.2;461.3612182
167.4;459.8132473
167.6;458.2619253
167.8;456.7070365
168;455.1485234
168.2;453.5864853
168.4;452.0211697
168.6;450.4529557
168.8;448.8823319
169;447.30987
169.2;445.7361941
169.4;444.1619489
169.6;442.587768
169.8;441.014244
170;439.4419012
170.2;437.8711739
170.4;436.3023892
170.6;434.7357578
170.8;433.1713695
171;431.6091974
171.2;430.0491073
171.4;428.4908733
171.6;426.934198
171.8;425.3787358
172;423.8241185
172.2;422.2699812
172.4;420.7159873
172.6;419.1618501
172.8;417.6073521
173;416.0523576
173.2;414.4968212
173.4;412.9407889
173.6;411.3843942
173.8;409.8278474
174;408.2714198
174.2;406.7154243
174.4;405.1601916
174.6;403.6060461
174.8;402.05328
175;400.5021301
175.2;398.9527566
175.4;397.4052257
175.6;395.8594981
175.8;394.315423
176;392.772739
176.2;391.2310809
176.4;389.6899938
176.6;388.1489524
176.8;386.6073856
177;385.0647041
177.2;383.5203311
177.4;381.9737328
177.6;380.4244481
177.8;378.8721159
178;377.3164977
178.2;375.7574948
178.4;374.195159
178.6;372.6296956
178.8;371.0614593
179;369.4909416
179.2;367.9187518
179.4;366.3455907
179.6;364.7722205
179.8;363.1994291
180;361.6279941
180.2;360.0586451
180.4;358.4920291
180.6;356.9286776
180.8;355.3689805
181;353.8131652
181.2;352.2612837
181.4;350.7132087
181.6;349.1686369
181.8;347.6271025
182;346.0879974
182.2;344.5505993
182.4;343.0141055
182.6;341.4776703
182.8;339.9404457
183;338.4016219
183.2;336.8604664
183.4;335.3163597
183.6;333.7688262
183.8;332.2175576
184;330.6624293
184.2;329.1035075
184.4;327.5410477
184.6;325.9754841
184.8;324.4074107
185;322.8375549
185.2;321.2667446
185.4;319.6958712
185.6;318.1258492
185.8;316.5575757
186;314.9918903
186.2;313.4295384
186.4;311.8711389
186.6;310.3171586
186.8;308.7678936
187;307.223459
187.2;305.6837874
187.4;304.1486354
187.6;302.617599
187.8;301.090135
188;299.5655896
188.2;298.0432306
188.4;296.522283
188.6;295.0019648
188.8;293.4815231
189;291.9602668
189.2;290.4375951
189.4;288.9130206
189.6;287.3861868
189.8;285.8568765
190;284.3250143
190.2;282.7906612
190.4;281.2540022
190.6;279.7153276
190.8;278.1750101
191;276.6334779
191.2;275.0911863
191.4;273.5485881
191.6;272.0061063
191.8;270.4641093
192;268.9228899
192.2;267.38265
192.4;265.8434909
192.6;264.3054102
192.8;262.7683052
193;261.2319827
193.2;259.6961731
193.4;258.160551
193.6;256.6247572
193.8;255.0884236
194;253.5511988
194.2;252.0127716
194.4;250.4728924
194.6;248.9313916
194.8;247.3881916
195;245.8433142
195.2;244.2968811
195.4;242.7491091
195.6;241.200298
195.8;239.6508143
196;238.1010694
196.2;236.5514955
196.4;235.0025185
196.6;233.4545314
196.8;231.9078686
197;230.3627827
197.2;228.8194256
197.4;227.2778348
197.6;225.7379259
197.8;224.199492
198;222.6622095
198.2;221.1256516
198.4;219.5893073
198.6;218.0526059
198.8;216.5149461
199;214.9757274
199.2;213.4343823
199.4;211.8904086
199.6;210.3433988
199.8;208.7930656
200;207.239262
200.2;205.6819947
200.4;204.1214304
200.6;202.5578936
200.8;200.9918565
201;199.4239219
201.2;197.8547977
201.4;196.285267
201.6;194.7161528
201.8;193.1482803
202;191.5824384
202.2;190.0193415
202.4;188.4595951
202.6;186.9036649
202.8;185.3518532
203;183.8042818
203.2;182.2608837
203.4;180.7214035
203.6;179.1854063
203.8;177.6522961
204;176.1213408
204.2;174.5917042
204.4;173.0624837
204.6;171.5327496
204.8;170.001588
205;168.468141
205.2;166.9316456
205.4;165.3914676
205.6;163.84713
205.8;162.2983331
206;160.7449673
206.2;159.1871163
206.4;157.6250517
206.6;156.0592189
206.8;154.4902147
207;152.9187589
207.2;151.3456599
207.4;149.7717768
207.6;148.1979801
207.8;146.6251123
208;145.0539504
208.2;143.485173
208.4;141.9193316
208.6;140.35683
208.8;138.7979101
209;137.2426465
209.2;135.6909492
209.4;134.142574
209.6;132.5971406
209.8;131.0541563
210;129.5130449
210.2;127.9731787
210.4;126.4339118
210.6;124.8946138
210.8;123.3547006
211;121.8136624
211.2;120.2710869
211.4;118.7266755
211.6;117.1802541
211.8;115.6317756
212;114.0813166
212.2;112.5290663
212.4;110.9753099
212.6;109.4204076
212.8;107.8647693
213;106.3088278
213.2;104.753011
213.4;103.1977161
213.6;101.6432849
213.8;100.0899848
214;98.53799304
214.2;96.98738797
214.4;95.43814597
214.6;93.89014481
214.8;92.34317315
215;90.79694539
215.2;89.25112107
215.4;87.70532771
215.6;86.15918544
215.8;84.61233229
216;83.06444837
216.2;81.51527754
216.4;79.9646453
216.6;78.41247183
216.8;76.85877914
217;75.30369208
217.2;73.74743292
217.4;72.19030974
217.6;70.63269915
217.8;69.07502442
218;67.51772996
218.2;65.96125374
218.4;64.40599912
218.6;62.85230765
218.8;61.30043456
219;59.75052822
219.2;58.20261497
219.4;56.65659026
219.6;55.11221677
219.8;53.56912978
220;52.02684984
220.2;50.48480204
220.4;48.94234119
220.6;47.39878178
220.8;45.85343101
221;44.30562359
221.2;42.75475621
221.4;41.20032018
221.6;39.64193025
221.8;38.07934828
222;36.51250027
222.2;34.94148589
222.4;33.36657971
222.6;31.78822407
222.8;30.20701369
223;28.62367261
223.2;27.03902461
223.4;25.45395825
223.6;23.86938837
223.8;22.28621573
224;20.70528677
224.2;19.12735547
224.4;17.55304915
224.6;15.98283981
224.8;14.41702263
225;12.8557024
225.2;11.29878892
225.4;9.746001266
225.6;8.196881058
225.8;7.202678977
226;6.410788033
226.2;6.020373424
226.4;5.830546041
226.6;5.640403421
226.8;5.649071025
227;5.655741886
227.2;5.659712719
227.4;5.66041479
227.6;5.65743811
227.8;5.650547836
228;5.639692187
228.2;5.625001571
228.4;5.606779074
228.6;5.585482888
228.8;5.561701648
229;5.53612397
229.2;5.509503782
229.4;5.482623217
229.6;5.456254928
229.8;5.431125702
230;5.407883152
230.2;5.387067081
230.4;5.36908686
230.6;5.354205824
230.8;5.342533323
231;5.334024676
231.2;5.328488834
231.4;5.325603199
231.6;5.32493467
231.8;5.325965674
232;5.328123727
232.2;5.330812883
232.4;5.333445385
232.6;5.335471843
232.8;5.336408364
233;5.335859286
233.2;5.333534379
233.4;5.329259741
233.6;5.32298195
233.8;5.314765415
234;5.304783238
234.2;5.293302267
234.4;5.280663301
234.6;5.267257708
234.8;5.253501849
235;5.239810845
235.2;5.226573222
235.4;5.214127913
235.6;5.202744922
235.8;5.19261077
236;5.183819533
236.2;5.176369948
236.4;5.170168748
236.6;5.165039968
236.8;5.160739675
237;5.156975209
237.2;5.153427794
237.4;5.149777151
237.6;5.145726631
237.8;5.141027355
238;5.135499853
238.2;5.12905188
238.4;5.121691234
238.6;5.113532716
238.8;5.104798657
239;5.09581284
239.2;5.086987969
239.4;5.078807227
239.6;5.071800833
239.8;5.066518738
240;5.063500914
240.2;5.063246794
240.4;5.066185536
240.6;5.072648748
240.8;5.082847239
241;5.096853148
241.2;5.114588566
241.4;5.135821434
241.6;5.160169118
241.8;5.187109703
242;5.216000589
242.2;5.246103638
242.4;5.27661573
242.6;5.306703303
242.8;5.335539223
243;5.362340174
243.2;5.386402716
243.4;5.407136186
243.6;5.424090767
243.8;5.436979256
244;5.445691366
244.2;5.450299776
244.4;5.451057502
244.6;5.448386655
244.8;5.44285902
245;5.435169347
245.2;5.426102586
245.4;5.416496623
245.6;5.407202298
245.8;5.399042632
246;5.392773245
246.2;5.389045885
246.4;5.388376852
246.6;5.391121857
246.8;5.39745855
247;5.407377561
247.2;5.420682502
247.4;5.436998913
247.6;5.455791714
247.8;5.476390303
248;5.498020059
248.2;5.519838717
248.4;5.540975818
248.6;5.560573339
248.8;5.577825511
249;5.592015931
249.2;5.602550189
249.4;5.608982476
249.6;5.611034963
249.8;5.608609079
250;5.601788265
250.2;5.590832162
250.4;5.576162663
250.6;5.558342619
250.8;5.538048366
251;5.516037533
251.2;5.493113778
251.4;5.470090277
251.6;5.447753764
251.8;5.426830912
252;5.407958667
252.2;5.391659913
252.4;5.378325575
252.6;5.368203869
252.8;5.361397075
253;5.357865761
253.2;5.357440036
253.4;5.359837028
253.6;5.364683469
253.8;5.371542041
254;5.379939932
254.2;5.389397992
254.4;5.39945886
254.6;5.40971253
254.8;5.419817994
255;5.429519837
255.2;5.438658963
255.4;5.447176975
255.6;5.455114101
255.8;5.462600903
256;5.469844399
256.2;5.477109488
256.4;5.484696882
256.6;5.492918898
256.8;5.502074602
257;5.512425821
257.2;5.524175482
257.4;5.537449596
257.6;5.552284015
257.8;5.568616777
258;5.586286568
258.2;5.605037457
258.4;5.624529708
258.6;5.64435611
258.8;5.664062948
259;5.683174469
259.2;5.701219465
259.4;5.717758467
259.6;5.732409994
259.8;5.744874319
260;5.75495333
260.2;5.76256528
260.4;5.76775345
260.6;5.770688105
260.8;5.77166147
261;5.771075823
261.2;5.769425194
261.4;5.767271517
261.6;5.765216398
261.8;5.763869905
262;5.763818008
262.2;5.765590361
262.4;5.769630155
262.6;5.776267696
262.8;5.785699168
263;5.797971827
263.2;5.812976538
263.4;5.830448202
263.6;5.849974222
263.8;5.871010744
264;5.892906
264.2;5.914929703
264.4;5.936307128
264.6;5.956256241
264.8;5.974026068
265;5.98893441
265.2;6.000403005
265.4;6.007988368
265.6;6.011406702
265.8;6.010551591
266;6.005503492
266.2;5.996530482
266.4;5.984080104
266.6;5.968762634
266.8;5.95132648
267;5.932626852
267.2;5.913589138
267.4;5.895168735
267.6;5.878309212
267.8;5.863900807
268;5.85274124
268.2;5.84550068
268.4;5.842692563
268.6;5.844651597
268.8;5.851520002
269;5.863242583
269.2;5.879570826
269.4;5.900075755
269.6;5.924168864
269.8;5.951130056
270;5.980141166
270.2;6.010323418
270.4;6.040776957
270.6;6.070620521
270.8;6.099029368
271;6.125269621
271.2;6.148727458
271.4;6.168931805
271.6;6.185569571
271.8;6.198492813
272;6.207717678
272.2;6.213415348
272.4;6.215895638
272.6;6.215584249
272.8;6.212994986
273;6.208698495
273.2;6.203289197
273.4;6.197352203
273.6;6.191431898
273.8;6.186003837
274;6.181451322
274.2;6.178047801
274.4;6.175945877
274.6;6.175173352
274.8;6.175636352
275;6.177129188
275.2;6.179350248
275.4;6.181922908
275.6;6.184420193
275.8;6.186391706
276;6.18739129
276.2;6.187003826
276.4;6.184869665
276.6;6.180705327
276.8;6.174319354
277;6.165622459
277.2;6.154631469
277.4;6.141466898
277.6;6.126344365
277.8;6.109560427
278;6.091473685
278.2;6.072482324
278.4;6.052999433
278.6;6.033427571
278.8;6.014134106
279;5.995428793
279.2;5.977544952
279.4;5.960625375
279.6;5.944713866
279.8;5.929752956
280;5.91558801
280.2;5.901977577
280.4;5.888609455
280.6;5.875121631
280.8;5.861126949
281;5.846240141
281.2;5.830105697
281.4;5.812424963
281.6;5.792980905
281.8;5.771659032
282;5.7484632
282.2;5.723525243
282.4;5.697107716
282.6;5.669599394
282.8;5.641503543
283;5.613419388
283.2;5.586017581
283.4;5.560010775
283.6;5.536120745
283.8;5.515043664
284;5.497415292
284.2;5.48377788
284.4;5.474550521
284.6;5.470004538
284.8;5.470245285
285;5.475201411
285.2;5.484622278
285.4;5.498083843
285.6;5.515002853
285.8;5.534658824
286;5.556222833
286.2;5.57879185
286.4;5.601426993
286.6;5.623193919
286.8;5.643203424
287;5.660650285
287.2;5.674848486
287.4;5.685261087
287.6;5.691523292
287.8;5.693457568
288;5.691080069
288.2;5.684598046
288.4;5.674398339
288.6;5.661027523
288.8;5.645164657
289;5.627587962
289.2;5.609137045
289.4;5.590672511
289.6;5.573034904
289.8;5.557004974
290;5.543267179
290.2;5.532378147
290.4;5.524741609
290.6;5.520590936
290.8;5.519980078
291;5.52278325
291.2;5.528703278
291.4;5.537288113
291.6;5.547954596
291.8;5.560018212
292;5.572727304
292.2;5.585299987
292.4;5.596961917
292.6;5.606983023
292.8;5.614711417
293;5.619602835
293.2;5.621244242
293.4;5.619370521
293.6;5.613873555
293.8;5.604803407
294;5.592361695
294.2;5.576887681
294.4;5.558837944
294.6;5.538760828
294.8;5.517267097
295;5.494998422
295.2;5.472595372
295.4;5.45066661
295.6;5.429760881
295.8;5.410343187
296;5.392776329
296.2;5.377308645
296.4;5.364068441
296.6;5.353065243
296.8;5.344197607
297;5.337266872
297.2;5.331995937
297.4;5.328051848
297.6;5.325070817
297.8;5.322684152
298;5.320543569
298.2;5.31834439
298.4;5.315845281
298.6;5.312883395
298.8;5.309384044
299;5.305364376
299.2;5.300930851
299.4;5.296270697
299.6;5.291637863
299.8;5.287334312
300;5.28368778
300.2;5.281027328
300.4;5.279658155
300.6;5.2798372
300.8;5.281751023
301;5.28549735
301.2;5.291071459
301.4;5.29835835
301.6;5.30713128
301.8;5.317056946
302;5.327707186
302.2;5.338576716
302.4;5.349106064
302.6;5.358708581
302.8;5.366800119
303;5.372829827
303.2;5.376310421
303.4;5.376846237
303.6;5.374157532
303.8;5.368099602
304;5.358675572
304.2;5.346042023
304.4;5.330506974
304.6;5.312520131
304.8;5.292655738
305;5.271588727
305.2;5.250065253
305.4;5.228868991
305.6;5.208784822
305.8;5.190561682
306;5.174876452
306.2;5.162300692
306.4;5.153271938
306.6;5.148071077
306.8;5.146806986
307;5.149409327
307.2;5.155629935
307.4;5.165052856
307.6;5.177112619
307.8;5.191119956
308;5.206293758
308.2;5.221797776
308.4;5.236780314
308.6;5.250414987
308.8;5.261940589
309;5.270698116
309.2;5.276163141
309.4;5.277971955
309.6;5.27594019
309.8;5.27007301
310;5.260566362
310.2;5.247799229
310.4;5.232317265
310.6;5.21480859
310.8;5.196072956
311;5.17698576
311.2;5.158458665
311.4;5.141398732
311.6;5.12666803
311.8;5.115045654
312;5.107193958
312.2;5.103630566
312.4;5.104707455
312.6;5.110598014
312.8;5.12129261
313;5.136602726
313.2;5.156173349
313.4;5.17950287
313.6;5.205969366
313.8;5.234861878
314;5.265415034
314.2;5.296845251
314.4;5.328386664
314.6;5.359325031
314.8;5.389027942
315;5.416969912
315.2;5.442751229
315.4;5.466109752
315.6;5.486925252
315.8;5.505216289
316;5.521129986
316.2;5.534925469
316.4;5.546952008
316.6;5.55762322
316.8;5.567388807
317;5.576705486
317.2;5.586008696
317.4;5.595686667
317.6;5.606058234
317.8;5.617355551
318;5.629712601
318.2;5.643160005
318.4;5.657626324
318.6;5.672945647
318.8;5.688870912
319;5.705092093
319.2;5.721258097
319.4;5.737001045
319.6;5.751961439
319.8;5.765812715
320;5.7782837
320.2;5.789177608
320.4;5.798386447
320.6;5.805899931
320.8;5.811808332
321;5.816299061
321.2;5.819647097
321.4;5.822199787
321.6;5.824356826
321.8;5.826546528
322;5.829199743
322.2;5.832722888
322.4;5.837471659
322.6;5.843726974
322.8;5.851674572
323;5.861389535
323.2;5.872826733
323.4;5.885817871
323.6;5.900075486
323.8;5.915203829
324;5.930716224
324.2;5.946058105
324.4;5.960634617
324.6;5.973841398
324.8;5.985096967
325;5.99387501
325.2;5.999734839
325.4;6.00234837
325.6;6.001522097
325.8;5.997212803
326;5.98953602
326.2;5.97876665
326.4;5.96533152
326.6;5.949794077
326.8;5.932831839
327;5.915207581
327.2;5.897735596
327.4;5.881244625
327.6;5.866539233
327.8;5.854361549
328;5.845355243
328.2;5.84003356
328.4;5.83875305
328.6;5.841694324
328.8;5.848850902
329;5.860026741
329.2;5.874842686
329.4;5.892751595
329.6;5.913061476
329.8;5.934965584
330;5.957578071
330.2;5.979973499
330.4;6.001228341
330.6;6.020462492
330.8;6.036878803
331;6.049798756
331.2;6.058692574
331.4;6.063202353
331.6;6.063157131
331.8;6.058579212
332;6.049681497
332.2;6.036856007
332.4;6.020654222
332.6;6.001760246
332.8;5.980958158
333;5.959095193
333.2;5.937042555
333.4;5.915655803
333.6;5.895736718
333.8;5.877998483
334;5.863035806
334.2;5.851301368
334.4;5.843089613
334.6;5.838528554
334.8;5.837579821
335;5.840046778
335.2;5.845590125
335.4;5.853750032
335.6;5.863973544
335.8;5.875645728
336;5.888122888
336.2;5.900766102
336.4;5.912973331
336.6;5.924208467
336.8;5.934025897
337;5.942089391
337.2;5.948184475
337.4;5.952223796
337.6;5.954245364
337.8;5.954403982
338;5.952956469
338.2;5.950241676
338.4;5.946656519
338.6;5.942629463
338.8;5.938593012
339;5.934956786
339.2;5.932082706
339.4;5.93026368
339.6;5.929706954
339.8;5.930523023
340;5.932720669
340.2;5.936208335
340.4;5.940801688
340.6;5.946236863
340.8;5.952188552
341;5.958291843
341.2;5.964166482
341.4;5.969442097
341.6;5.973782883
341.8;5.976910242
342;5.978622022
342.2;5.978807162
342.4;5.977454823
342.6;5.974657389
342.8;5.970607074
343;5.96558623
343.2;5.959951828
343.4;5.954114895
343.6;5.948516031
343.8;5.943598322
344;5.939779173
344.2;5.937422649
344.4;5.936813921
344.6;5.93813732
344.8;5.941459341
345;5.946717671
345.2;5.953717038
345.4;5.962132284
345.6;5.971518708
345.8;5.981329324
346;5.990938296
346.2;5.999669473
346.4;6.006828658
346.6;6.011738001
346.8;6.013770792
347;6.012384851
347.2;6.007152763
347.4;5.997787339
347.6;5.984160896
347.8;5.96631724
348;5.944475606
348.2;5.919026186
348.4;5.890517305
348.6;5.859634743
348.8;5.827174072
349;5.794007264
349.2;5.761045124
349.4;5.7291973
349.6;5.699331815
349.8;5.672236042
350;5.648581042
350.2;5.628891001
350.4;5.613519278
350.6;5.602632256
350.8;5.596201796
351;5.594006714
351.2;5.595643201
351.4;5.60054373
351.6;5.608003533
351.8;5.617213382
352;5.627297094
352.2;5.637351954
352.4;5.64649011
352.6;5.653878946
352.8;5.658778519
353;5.660574267
353.2;5.658803465
353.4;5.653174207
353.6;5.643576078
353.8;5.630082078
354;5.612941829
354.2;5.592566479
354.4;5.569506173
354.6;5.544421275
354.8;5.518048857
355;5.49116617
355.2;5.464552932
355.4;5.438954337
355.6;5.415046578
355.8;5.393406565
356;5.37448726
356.2;5.35859975
356.4;5.345902817
356.6;5.336400373
356.8;5.329946707
357;5.326259117
357.2;5.324937083
357.4;5.325486868
357.6;5.327350123
357.8;5.329934914
358;5.332647499
358.2;5.334923146
358.4;5.336254397
358.6;5.336215337
358.8;5.334480657
359;5.330838623
359.2;5.325197403
359.4;5.317584565
359.6;5.308139953
359.8;5.297102491
360;5.284791819
360.2;5.271585897
360.4;5.257895972
360.6;5.244140383
360.8;5.230718766
361;5.217988148
361.2;5.206242314
361.4;5.195695633
361.6;5.186472234
361.8;5.178601159
362;5.172017712
362.2;5.166570914
362.4;5.16203659
362.6;5.15813528
362.8;5.154553922
363;5.150969983
363.2;5.14707659
363.4;5.142607151
363.6;5.137357944
363.8;5.131207292
364;5.124130078
364.2;5.116206644
364.4;5.107625418
364.6;5.098678925
364.8;5.08975328
365;5.081311543
365.2;5.073871756
365.4;5.067980725
365.6;5.064184911
365.8;5.062999959
366;5.064880522
366.2;5.070192026
366.4;5.079185979
366.6;5.091980255
366.8;5.108545543
367;5.128698866
367.2;5.152104695
367.4;5.178283796
367.6;5.206629575
367.8;5.236431242
368;5.266902784
368.2;5.297216411
368.4;5.326538871
368.6;5.354068877
368.8;5.379073788
369;5.400923709
369.2;5.419121271
369.4;5.433325544
369.6;5.443368828
369.8;5.449265388
370;5.451211611
370.2;5.449577479
370.4;5.444889674
370.6;5.437807072
370.8;5.429089757
371;5.419563
371.2;5.410077943
371.4;5.40147086
371.6;5.394522984
371.8;5.389922843
372;5.388232945
372.2;5.389862437
372.4;5.395047079
372.6;5.403837502
372.8;5.416096342
373;5.431504357
373.2;5.449575248
373.4;5.46967844
373.6;5.491068696
373.8;5.512921125
374;5.534369855
374.2;5.554548503
374.4;5.572630461
374.6;5.587867072
374.8;5.599621864
375;5.607399226
375.2;5.610866198
375.4;5.609866401
375.6;5.604425526
375.8;5.594748227
376;5.581206695
376.2;5.564321595
376.4;5.544736418
376.6;5.523186611
376.8;5.500465112
377;5.477386031
377.2;5.454748319
377.4;5.433301219
377.6;5.413713178
377.8;5.396545681
378;5.382233202
378.2;5.371070128
378.4;5.363205116
378.6;5.358642973
378.8;5.357253746
379;5.358788315
379.2;5.362899499
379.4;5.369167354
379.6;5.377127207
379.8;5.386298792
380;5.396214882
380.2;5.406447825
380.4;5.416632574
380.6;5.426484993
380.8;5.43581452
381;5.444530605
381.2;5.45264267
381.4;5.460253759
381.6;5.467548351
381.8;5.474775161
382;5.482226049
382.2;5.490212332
382.4;5.499039972
382.6;5.508985149
382.8;5.520271703
383;5.533051831
383.2;5.547391215
383.4;5.563259515
383.6;5.580526847
383.8;5.598966527
384;5.618263991
384.2;5.638031444
384.4;5.657827471
384.6;5.677180524
384.8;5.695614995
385;5.712678377
385.2;5.727967994
385.4;5.741155707
385.6;5.75200917
385.8;5.760408326
386;5.766356086
386.2;5.76998248
386.4;5.771541855
386.6;5.771403128
386.8;5.770033447
387;5.767975999
387.2;5.765823029
387.4;5.764185413
387.6;5.763660345
387.8;5.764798821
388;5.768074651
388.2;5.773856678
388.4;5.782385744
388.6;5.793757716
388.8;5.807913612
389;5.824637476
389.2;5.843562292
389.4;5.864183803
389.6;5.885881687
389.8;5.907947164
390;5.929615743
390.2;5.950103576
390.4;5.968645632
390.6;5.984533829
390.8;5.997153213
391;6.00601435
391.2;6.010780292
391.4;6.011286684
391.6;6.007553953
391.8;5.999790877
392;5.98838925
392.2;5.973909827
392.4;5.957060123
392.6;5.938665081
392.8;5.919631964
393;5.900911111
393.2;5.883454419
393.4;5.868173516
393.6;5.855899627
393.8;5.847347028
394;5.843081833
394.2;5.843497582
394.4;5.848798774
394.6;5.85899308
394.8;5.873892577
395;5.893123866
395.2;5.916146535
395.4;5.942278997
395.6;5.970730413
395.8;6.000637083
396;6.031101527
396.2;6.061232324
396.4;6.090182798
396.6;6.117186682
396.8;6.141589119
397;6.162871541
397.2;6.180669363
397.4;6.19478176
397.6;6.205173224
397.8;6.211966999
398;6.215430933
398.2;6.215956615
398.4;6.214033048
398.6;6.210216309
398.8;6.205096874
399;6.199266339
399.2;6.193285302
399.4;6.187654033
399.6;6.182787427
399.8;6.178995443
400;6.176469947
