;Unnamed: 0;Activiteits-ID;Datum van activiteit;Activiteitstype;Verstreken tijd;Afstand;Beweegtijd;Hoogteverschil;Max. stijgingspercentage;Gemiddelde hartslag;Buitentemperatuur;Windsnelheid;Windrichting;Neerslagintensiteit;Ozonwaarde
0;1;666584676;6 aug. 2016 05:55:28;Fietsrit;33865;162.03;26284;1169.0;47.0;;;;;;
1;2;675338012;14 aug. 2016 05:53:41;Fietsrit;11804;102.57;11328;145.6829987;7.5;;;;;;
2;4;934243486;9 apr. 2017 06:28:43;Fietsrit;10756;90.67;10535;357.9639893;19.39999962;;;;;;
3;5;954122450;23 apr. 2017 06:19:23;Fietsrit;11712;94.01;10967;339.2420044;16.60000038;;;;;;
4;6;974615321;7/05/2017 6:23;Fietsrit;10909;89.97;10322;357.4309998;39.20000076;;;;;;
5;7;985409202;14/05/2017 5:51;Fietsrit;12833;99.72;11966;424.3139954;13.10000038;;;;;;
6;8;1105446597;28 jul. 2017 11:08:12;Fietsrit;5244;5.22;747;4.0;12.89999962;131.4624786;;;;;
7;9;1108093495;29 jul. 2017 06:36:53;Fietsrit;14450;89.55;12244;343.0;18.89999962;158.1392517;;;;;
8;10;1108664240;30 jul. 2017 06:10:53;Fietsrit;12496;85.0;11260;79.0;42.70000076;148.7449951;;;;;
9;11;1114329552;2 aug. 2017 15:50:34;Fietsrit;8953;71.69;8337;73.0;10.5;160.0286713;;;;;
10;12;1117004974;4 aug. 2017 12:25:56;Fietsrit;11823;97.99;11585;116.0;17.39999962;159.7349701;;;;;
11;13;1122243002;7 aug. 2017 15:53:16;Fietsrit;9863;69.92;8788;60.0;12.5;152.4084778;;;;;
12;14;1131286357;13 aug. 2017 06:03:14;Fietsrit;13318;110.21;12253;95.0;17.79999924;156.2021484;;;;;
13;15;1133356215;14 aug. 2017 05:24:11;Fietsrit;36795;166.81;23927;706.0;22.60000038;149.2984009;;;;;
14;16;1137398986;16 aug. 2017 16:04:48;Fietsrit;8072;69.15;7524;201.0;42.90000153;153.0975494;;;;;
15;17;1140838724;19 aug. 2017 06:22:26;Fietsrit;8652;62.95;8267;147.0;15.19999981;152.399765;;;;;
16;18;1142827477;20 aug. 2017 05:36:51;Fietsrit;16044;110.77;14293;448.0;38.70000076;150.364624;;;;;
17;19;1146276079;22 aug. 2017 10:04:22;Fietsrit;4999;28.42;3332;42.0;7.400000095;171.5980072;;;;;
18;20;1146276107;22 aug. 2017 11:28:23;Fietsrit;10072;32.77;4062;95.0;16.29999924;174.6179962;;;;;
19;21;1393215999;27 aug. 2017 23:55:53;Fietsrit;2972748;79.09;9253;180.0;34.09999847;168.9095917;;;;;
20;22;1393217632;26 aug. 2017 07:11:36;Fietsrit;34739;177.5;32468;2046.0;35.70000076;;;;;;
21;23;1393227412;24 aug. 2017 05:55:34;Fietsrit;33414;175.56;26578;2176.0;49.59999847;146.781601;;;;;
22;24;1393234120;25 aug. 2017 13:16:40;Fietsrit;7503;47.19;6323;320.0;31.5;;;;;;
23;25;1393234277;27 aug. 2017 07:17:51;Fietsrit;19043;91.74;16910;1591.0;22.20000076;;;;;;
24;26;1435580803;7 feb. 2018 12:43:04;Fietsrit;7536;39.46;5488;64.0;23.29999924;168.3871613;;;;;
25;27;1435580960;4 mrt. 2018 07:52:04;Fietsrit;9670;72.58;9118;87.0;10.80000019;;;;;;
26;28;1447027043;11 mrt. 2018 07:49:57;Fietsrit;7959;54.43;6911;108.0;9.899999619;162.4112091;;;;;
27;29;1454485227;15 mrt. 2018 13:26:06;Fietsrit;8668;62.32;8450;127.0;7.0;165.2411041;;;;;
28;30;1470769090;25 mrt. 2018 06:55:21;Fietsrit;10184;76.24;9140;114.0;23.79999924;154.2896576;;;;;
29;31;1478529043;29 mrt. 2018 16:00:33;Fietsrit;10290;83.2;9659;233.0;34.0;164.5155334;;;;;
30;32;1485057816;2 apr. 2018 06:04:16;Fietsrit;12556;86.62;10501;105.0;18.70000076;155.1127014;;;;;
31;33;1492519596;6 apr. 2018 10:47:27;Fietsrit;8419;62.24;8167;160.0;43.20000076;152.4259796;;;;;
32;34;1498183265;8 apr. 2018 06:22:21;Fietsrit;11772;92.32;10856;269.0;24.20000076;158.5666809;;;;;
33;35;1502945063;11 apr. 2018 16:03:36;Fietsrit;8402;63.26;7931;110.0;6.900000095;155.4233246;;;;;
34;36;1509547954;15 apr. 2018 06:33:35;Fietsrit;12266;97.31;11799;345.0;23.89999962;153.04776;;;;;
35;37;1524330765;22 apr. 2018 06:17:47;Fietsrit;11936;95.58;11461;241.0;14.69999981;150.0056763;;;;;
36;38;1542856659;29 apr. 2018 06:31:09;Fietsrit;1248;3.41;475;2.0;16.0;153.5665894;;;;;
37;39;1542859207;1/05/2018 6:32;Fietsrit;14152;103.02;12175;301.0;48.70000076;165.5362091;;;;;
38;40;1576681639;16/05/2018 15:48;Fietsrit;8915;67.19;7764;189.0;18.89999962;162.3625336;;;;;
39;41;1582592340;19/05/2018 17:03;Fietsrit;1630;16.76;1630;6.0;5.699999809;185.3825378;;;;;
40;42;1591545206;23/05/2018 16:04;Fietsrit;10067;73.69;8277;99.0;7.0;160.1165161;;;;;
41;43;1595715768;25/05/2018 15:48;Fietsrit;8331;54.21;7128;87.0;11.89999962;136.2714081;;;;;
42;44;1619436807;5 jun. 2018 16:11:22;Fietsrit;11133;92.1;10216;270.0;19.29999924;169.7302246;;;;;
43;45;1629245794;10 jun. 2018 06:08:36;Fietsrit;13414;111.26;12856;487.0;14.5;157.7240295;;;;;
44;46;1636486814;13 jun. 2018 16:01:39;Fietsrit;8414;74.43;8389;100.0;8.100000381;159.07724;;;;;
45;47;1656869373;23 jun. 2018 05:54:03;Fietsrit;28078;167.92;21989;1120.0;24.5;148.9768372;;;;;
46;48;1681105604;4 jul. 2018 16:02:31;Fietsrit;8912;79.84;8886;83.0;4.800000191;140.8554688;;;;;
47;49;1703903295;15 jul. 2018 06:04:11;Fietsrit;13788;112.47;13368;623.0;43.79999924;159.8090363;;;;;
48;50;1717959043;21 jul. 2018 07:01:50;Fietsrit;32844;182.83;22527;341.0;23.89999962;153.7776947;;;;;
49;51;1720390639;22 jul. 2018 06:54:51;Fietsrit;28882;145.58;18683;321.0;15.30000019;138.3553162;;;;;
50;52;1727052602;25 jul. 2018 10:11:44;Fietsrit;18908;91.48;11473;142.0;44.20000076;164.0132599;;;;;
51;53;1733006919;28 jul. 2018 05:20:51;Fietsrit;22830;162.4;19697;608.0;19.39999962;164.520462;;;;;
52;54;1740872054;31 jul. 2018 15:51:08;Fietsrit;9803;71.07;8735;163.0;11.5;159.6798706;;;;;
53;55;1742854297;1 aug. 2018 06:13:23;Fietsrit;27216;135.06;20803;2137.0;43.40000153;153.6649475;;;;;
54;56;1748843052;4 aug. 2018 06:47:29;Fietsrit;14964;116.88;14243;627.0;32.40000153;156.8914032;;;;;
55;57;1753609708;6 aug. 2018 09:10:15;Fietsrit;8544;60.22;7743;89.0;21.10000038;143.1893768;;;;;
56;58;1759009673;8 aug. 2018 15:39:13;Fietsrit;11870;81.01;9523;70.0;10.69999981;153.7297058;;;;;
57;59;1765110490;11 aug. 2018 05:45:41;Fietsrit;14159;111.84;13286;387.0;23.0;149.6789703;;;;;
58;60;1765110718;11 aug. 2018 09:50:14;Fietsrit;14112;108.21;13946;358.0;21.20000076;157.6891174;;;;;
59;61;1773523972;15 aug. 2018 05:57:28;Fietsrit;15074;111.03;13978;600.0;41.0;155.9741364;;;;;
60;62;1781012638;18 aug. 2018 06:45:02;Fietsrit;24770;152.66;21271;2149.0;46.0;163.5183716;;;;;
61;63;1787121648;21 aug. 2018 10:06:52;Fietsrit;1210;6.05;989;20.0;4.5;142.1487732;;;;;
62;64;1787121745;21 aug. 2018 11:01:48;Fietsrit;1135;7.27;928;34.0;18.89999962;152.3171844;;;;;
63;65;1799249980;23 aug. 2018 07:31:46;Fietsrit;29407;105.94;17566;2194.0;45.0;161.3116455;;;;;
64;66;1799494302;24 aug. 2018 07:39:24;Fietsrit;29273;130.23;21153;2132.0;37.20000076;147.2496643;;;;;
65;67;1799501291;25 aug. 2018 08:03:05;Fietsrit;14316;55.91;10776;1757.0;19.60000038;153.1677856;;;;;
66;68;1807181377;30 aug. 2018 09:39:04;Fietsrit;4117;41.32;4117;98.0;3.799999952;176.7135925;;;;;
67;69;1811831220;1 sep. 2018 06:32:25;Fietsrit;18645;143.26;16651;903.0;36.5;163.308548;;;;;
68;70;1816549977;3 sep. 2018 12:15:39;Fietsrit;8333;69.82;8067;169.0;13.89999962;162.7520142;;;;;
69;71;1838738099;13 sep. 2018 11:05:33;Fietsrit;6410;49.05;5497;118.0;21.79999924;178.6572723;;;;;
70;72;1854871305;16 sep. 2018 06:29:35;Fietsrit;11452;92.58;11245;344.0;8.899999619;149.392746;;;;;
71;73;1854871384;20 sep. 2018 16:07:48;Fietsrit;8008;63.2;7233;61.0;20.20000076;172.0986176;;;;;
72;74;1896887727;10 okt. 2018 15:51:04;Fietsrit;6495;51.97;5892;91.0;13.80000019;175.1590881;;;;;
73;75;2204138515;21 jan. 2019 19:48:44;Fietsrit;16;0.01;16;0.0;0.0;0.0;;;;;
74;76;2204138626;10 okt. 2018 20:03:57;Fietsrit;3336154;73.5;9794;169.0;10.30000019;161.3315887;;;;;
75;77;2204141345;27 feb. 2019 16:27:23;Fietsrit;4786;36.45;4515;41.0;19.39999962;166.6839447;;;;;
76;78;2204141438;21 jan. 2019 20:20:32;Fietsrit;2837560;53.62;6950;114.0;12.80000019;176.0618896;;;;;
77;79;2204141534;10 mrt. 2019 07:52:57;Fietsrit;8012;58.18;7426;144.0;9.5;161.1452026;;;;;
78;80;2204150285;8 mrt. 2019 11:32:58;Fietsrit;9643;66.78;8542;80.0;29.29999924;170.4570618;;;;;
79;81;2217849040;16 mrt. 2019 15:12:16;Fietsrit;12454;92.17;12203;285.0;11.0;159.9221191;;;;;
80;82;2219514752;17 mrt. 2019 07:49:07;Fietsrit;9411;67.67;8415;195.0;33.09999847;158.9723816;;;;;
81;83;2226429829;20 mrt. 2019 05:17:34;Fietsrit;13426;101.85;13088;317.0;12.0;166.9958801;;;;;
82;84;2229841722;21 mrt. 2019 15:16:02;Fietsrit;8941;59.6;7405;75.0;8.800000191;166.8800049;;;;;
83;85;2234755001;23 mrt. 2019 11:31:33;Fietsrit;19689;125.29;16791;323.0;39.29999924;151.793335;;;;;
84;86;2236772559;24 mrt. 2019 07:29:34;Fietsrit;11677;85.19;10079;92.0;14.30000019;152.8078461;;;;;
85;87;2245425860;27 mrt. 2019 16:55:41;Fietsrit;12574;100.41;11338;294.0;23.60000038;170.5726318;;;;;
86;88;2249292536;29 mrt. 2019 12:11:53;Fietsrit;5817;49.29;5672;136.0;40.40000153;169.9002838;;;;;
87;89;2254035444;31 mrt. 2019 06:49:45;Fietsrit;11221;89.22;10494;79.0;33.29999924;153.3723297;;;;;
88;90;2269391858;6 apr. 2019 12:39:35;Fietsrit;8956;73.54;8839;171.0;10.5;164.3409882;;;;;
89;91;2271271548;7 apr. 2019 06:18:34;Fietsrit;12552;90.4;10645;276.0;35.79999924;149.7139893;;;;;
90;92;2280141344;10 apr. 2019 15:47:23;Fietsrit;8668;66.43;7724;183.0;8.100000381;162.0355988;;;;;
91;93;2282750851;11 apr. 2019 14:42:10;Fietsrit;16199;91.47;11066;142.0;21.60000038;164.2352142;;;;;
92;94;2286568635;13 apr. 2019 04:21:09;Fietsrit;31245;202.69;25470;792.0;37.20000076;151.3308105;;;;;
93;95;2294782017;16 apr. 2019 14:28:29;Fietsrit;10681;95.57;10459;253.0;14.89999962;167.4383087;;;;;
94;96;2302191448;19 apr. 2019 11:40:19;Fietsrit;12780;76.72;11662;193.0;13.60000038;135.8354797;;;;;
95;97;2305278241;20 apr. 2019 05:53:03;Fietsrit;21150;157.18;18690;783.0;33.0;160.143631;;;;;
96;98;2320794009;26 apr. 2019 14:55:42;Fietsrit;7776;66.77;7776;173.0;30.39999962;170.1339417;;;;;
97;99;2324990035;28 apr. 2019 06:19:03;Fietsrit;12034;87.81;10140;221.0;17.0;155.4337158;;;;;
98;100;2343129993;5/05/2019 6:19;Fietsrit;12281;100.77;11523;104.0;10.0;152.0;;;;;
99;101;2404453378;11/05/2019 14:26;Fietsrit;2016;14.87;1981;8.0;17.5;112.0;;;;;
100;102;2404453449;24/05/2019 9:30;Fietsrit;2583;19.75;2583;21.0;28.60000038;0.0;;;;;
101;103;2404453459;28/05/2019 17:11;Fietsrit;3112;22.98;2835;17.0;8.199999809;0.0;;;;;
102;104;2409846209;30/05/2019 16:20;Fietsrit;6336;42.92;5514;66.0;31.70000076;0.0;;;;;
103;105;2426301750;4 jun. 2019 12:39:05;Fietsrit;5153;40.32;5109;80.0;28.29999924;165.0;;;;;
104;106;2426305620;5 jun. 2019 15:51:50;Fietsrit;9064;56.53;7638;139.0;46.59999847;142.0;;;;;
105;107;2445018269;12 jun. 2019 15:41:08;Fietsrit;11584;67.99;9777;201.0;19.39999962;149.0;;;;;
106;108;2449317751;14 jun. 2019 12:12:22;Fietsrit;5288;32.09;3570;49.0;35.70000076;180.0;;;;;
107;109;2478760815;25 jun. 2019 07:54:49;Fietsrit;6684;54.13;6402;121.0;29.79999924;175.0;;;;;
108;110;2482936591;26 jun. 2019 15:47:34;Fietsrit;8583;67.52;7869;244.0;30.10000038;168.0;;;;;
109;111;2485175954;27 jun. 2019 14:10:09;Fietsrit;7461;41.93;5372;76.0;17.5;150.0;;;;;
110;112;2489679683;29 jun. 2019 05:13:41;Fietsrit;26044;126.76;16574;724.0;36.20000076;151.0;;;;;
111;113;2491909569;30 jun. 2019 05:48:28;Fietsrit;12340;94.42;11530;128.0;23.79999924;144.0;;;;;
112;114;2498547948;2 jul. 2019 15:32:50;Fietsrit;9252;78.44;9252;215.0;11.39999962;156.0;;;;;
113;115;2503929646;4 jul. 2019 14:18:10;Fietsrit;7398;57.67;6755;126.0;13.60000038;159.0;;;;;
114;116;2508707136;6 jul. 2019 06:41:03;Fietsrit;16810;129.65;15873;533.0;11.89999962;158.0;;;;;
115;117;2521197059;10 jul. 2019 13:46:14;Fietsrit;17340;81.22;9310;418.9441223;15.30000019;;;;;;
116;118;2527777418;13 jul. 2019 06:01:07;Fietsrit;13983;114.04;13340;887.7753296;38.20000076;;;;;;
117;119;2530608609;14 jul. 2019 06:01:33;Fietsrit;12339;101.92;12072;486.3607178;21.70000076;;;;;;
118;120;2537627114;16 jul. 2019 15:50:57;Fietsrit;8268;77.34;8182;381.5570984;8.300000191;;;;;;
119;121;2540658676;17 jul. 2019 16:04:11;Fietsrit;8673;71.35;8412;269.921814;10.60000038;;;;;;
120;122;2544961256;19 jul. 2019 07:30:13;Fietsrit;11721;72.09;10107;841.6473999;31.10000038;;;;;;
121;123;2553512870;22 jul. 2019 10:43:25;Fietsrit;10346;66.08;8268;238.5191498;9.600000381;;;;;;
122;124;2572844488;29 jul. 2019 11:00:41;Fietsrit;13328;64.15;7573;263.3270264;8.5;;;;;;
123;125;2575998312;30 jul. 2019 14:45:57;Fietsrit;6390;54.05;6320;242.9721832;11.39999962;;;;;;
124;126;2579290523;31 jul. 2019 16:01:03;Fietsrit;7749;65.34;7604;335.0779419;9.300000191;;;;;;
125;127;2587738733;3 aug. 2019 16:12:57;Fietsrit;8471;69.05;7728;207.0;9.699999809;0.0;;;;;
126;128;2596517954;6 aug. 2019 15:01:57;Fietsrit;12645;96.6;12015;210.0;20.5;160.0;;;;;
127;129;2599612483;7 aug. 2019 15:53:25;Fietsrit;12380;75.59;8828;267.0;10.0;152.0;;;;;
128;130;2602494224;8 aug. 2019 18:01:46;Fietsrit;4288;35.2;3759;25.0;9.199999809;163.0;;;;;
129;131;2609406047;11 aug. 2019 05:53:13;Fietsrit;19549;130.85;16245;631.0;22.0;151.0;;;;;
130;132;2612513376;12 aug. 2019 11:12:23;Fietsrit;6978;54.23;5027;133.0;14.89999962;173.0;;;;;
131;133;2619067352;14 aug. 2019 15:31:16;Fietsrit;9681;72.63;7942;215.0;21.60000038;160.0;;;;;
132;134;2632256567;19 aug. 2019 05:57:25;Fietsrit;21559;136.93;18288;368.0;12.30000019;146.0;;;;;
133;135;2641418735;22 aug. 2019 06:08:59;Fietsrit;30147;162.54;24042;2163.0;35.79999924;152.0;;;;;
134;136;2644497621;23 aug. 2019 07:07:21;Fietsrit;32188;151.75;22825;2488.0;33.59999847;146.0;;;;;
135;137;2647254670;24 aug. 2019 06:53:26;Fietsrit;28611;162.09;22915;2403.0;34.09999847;129.0;;;;;
136;138;2650074936;25 aug. 2019 07:14:14;Fietsrit;17474;110.12;14718;754.0;34.20000076;126.0;;;;;
137;139;2659754836;28 aug. 2019 15:55:03;Fietsrit;8386;69.88;7796;114.0;11.39999962;152.0;;;;;
138;140;2699831333;11 sep. 2019 15:48:29;Fietsrit;6630;49.75;5708;160.1253357;7.5;;;;;;
139;141;2897179207;28 nov. 2019 11:04:51;Hardloopsessie;3041;8.73;2876;166.0;17.60000038;;;;;;
140;142;2910345863;3 dec. 2019 10:42:04;Hardloopsessie;2306;6.67;2296;122.0;28.60000038;;;;;;
141;143;2955039767;25 dec. 2019 10:03:50;Hardloopsessie;1297;4.27;1267;15.33327961;7.800000191;;;;;;
142;144;2958006787;26 dec. 2019 14:58:57;Fietsrit;5408;39.81;5308;93.0;7.900000095;161.0;;;;;
143;145;2959134359;16 dec. 2019 19:20:58;Hardloopsessie;1873;6.1;1873;;;;;;;;
144;146;2959138695;14 dec. 2019 11:55:01;Hardloopsessie;2600;8.0;2600;;;;;;;;
145;147;2959139769;10 dec. 2019 15:05:10;Hardloopsessie;1197;4.2;1197;;;;;;;;
146;148;2959141159;25 nov. 2019 19:06:51;Hardloopsessie;1736;5.6;1736;;;;;;;;
147;149;2959142926;21 nov. 2019 11:12:26;Hardloopsessie;1686;5.6;1686;;;;;;;;
148;150;2959143878;17 nov. 2019 15:22:42;Hardloopsessie;1226;4.2;1226;;;;;;;;
149;151;2962809008;28 dec. 2019 14:48:02;Hardloopsessie;1854;6.03;1854;18.23348427;8.300000191;;;;;;
150;152;2968466012;30 dec. 2019 18:14:07;Hardloopsessie;1950;5.22;1950;23.21547699;8.300000191;;;;;;
151;153;2970327581;31 dec. 2019 11:28:38;Fietsrit;4128;30.25;4026;89.0;7.0;158.0;;;;;
152;154;2975475333;2 jan. 2020 11:47:27;Fietsrit;7098;46.92;6030;136.0;42.59999847;159.0;;;;;
153;155;2978299670;3 jan. 2020 13:43:27;Hardloopsessie;2384;7.81;2379;11.39999962;3.599999905;175.9016418;;;;;
154;156;2980786773;4 jan. 2020 11:43:18;Hardloopsessie;1537;4.34;1240;3.799999952;4.300000191;169.695694;;;;;
155;157;2983521469;5 jan. 2020 07:53:09;Fietsrit;9493;84.65;9359;247.0;5.800000191;160.0;;;;;
156;158;2989148159;7 jan. 2020 06:20:29;Hardloopsessie;1950;5.47;1946;4.800000191;1.899999976;147.5692291;;;;;
157;159;3001687671;11 jan. 2020 11:42:05;Fietsrit;10848;94.9;10143;286.0;6.599999905;164.0;;;;;
158;160;3004037152;12 jan. 2020 07:35:14;Fietsrit;12331;97.31;12206;463.0;10.5;152.0;;;;;
159;161;3010492155;14 jan. 2020 13:34:17;Hardloopsessie;2712;7.7;2712;17.39999962;3.700000048;164.2411499;;;;;
160;162;3017064584;16 jan. 2020 18:08:17;Hardloopsessie;2109;5.8;2109;;;;;;;;
161;163;3024907167;19 jan. 2020 07:24:04;Fietsrit;13777;106.39;12715;292.0;16.60000038;153.0;;;;;
162;165;3029778021;21 jan. 2020 05:57:24;Hardloopsessie;2789;7.84;2789;14.19999981;3.599999905;150.4277496;;;;;
163;166;3035484595;23 jan. 2020 05:23:04;Hardloopsessie;2555;5.86;1998;6.400000095;9.199999809;157.3600769;;;;;
164;167;3042127247;25 jan. 2020 12:11:17;Fietsrit;10111;87.38;9605;224.0;14.80000019;156.0;;;;;
165;168;3044591548;26 jan. 2020 07:27:05;Fietsrit;12660;94.29;11447;314.0;14.89999962;151.0;;;;;
166;169;3051082708;28 jan. 2020 16:05:40;Hardloopsessie;3574;10.01;3533;4.900000095;10.19999981;;;;;;
167;170;3082752464;8 feb. 2020 14:42:10;Zwemmen;2441;2.013;2441;;0.0;;;;;;
168;171;3085605104;9 feb. 2020 13:26:20;Hardloopsessie;1491;5.1;1480;38.40000153;24.79999924;;;;;;
169;172;3089786688;11 feb. 2020 05:52:09;Hardloopsessie;1505;4.84;1485;356.2000122;21.5;;;;;;
170;173;3096695737;13 feb. 2020 15:54:48;Hardloopsessie;3944;10.12;3103;56.90000153;29.70000076;;;;;;
171;174;3108742414;17 feb. 2020 19:28:47;Hardloopsessie;2787;8.33;2726;62.70000076;23.89999962;;;;;;
172;175;3114563480;19 feb. 2020 19:21:52;Zwemmen;2032;1.056;2032;;0.0;;;;;;
173;176;3117353298;20 feb. 2020 19:28:12;Krachttraining;1428;0.0;1428;;0.0;;;;;;
174;177;3119871652;21 feb. 2020 18:37:05;Hardloopsessie;2269;7.31;2254;13.10000038;36.0;;;;;;
175;178;3122139163;22 feb. 2020 13:53:04;Zwemmen;2855;1.536;2855;;0.0;;;;;;
176;179;3130520454;25 feb. 2020 11:15:40;Zwemmen;2407;1.518;2407;;0.0;;;;;;
177;180;3134155832;26 feb. 2020 16:37:31;Hardloopsessie;3679;11.74;3669;20.0;12.89999962;;;;;;
178;181;3141636709;29 feb. 2020 11:53:32;Zwemmen;1863;1.125;1863;;0.0;;;;;;
179;182;3144337695;1 mrt. 2020 10:24:11;Hardloopsessie;2682;8.47;2666;25.29999924;20.0;;;;;;
180;183;3144854589;1 mrt. 2020 12:55:04;Hardloopsessie;358;1.36;348;;20.0;;;;;;
181;184;3154750622;4 mrt. 2020 18:53:46;Zwemmen;3844;2.244;3844;;0.0;;;;;;
182;185;3158582720;6 mrt. 2020 09:13:43;Hardloopsessie;4273;10.72;4176;13.10000038;29.70000076;;;;;;
183;186;3168276521;9 mrt. 2020 11:19:25;Zwemmen;4106;2.5;4106;;0.0;;;;;;
184;187;3171518504;10 mrt. 2020 15:59:33;Hardloopsessie;2828;9.01;2819;25.10000038;14.10000038;;;;;;
185;188;3175430620;11 mrt. 2020 19:15:42;Zwemmen;2375;1.291;2375;;0.0;;;;;;
186;189;3179810088;13 mrt. 2020 14:21:26;Hardloopsessie;4927;13.01;4916;25.89999962;28.29999924;;;;;;
187;190;3182774214;26 jan. 2020 10:58:15;Fietsrit;4164046;55.11;6496;130.0;8.399999619;159.0;;;;;
188;191;3185149200;15 mrt. 2020 08:18:11;Fietsrit;12228;84.87;12030;512.2000122;24.0;;;;;;
189;193;3191084349;17 mrt. 2020 12:08:57;Fietsrit;6464;53.66;6383;176.1999969;23.5;;;;;;
190;194;3194798788;18 mrt. 2020 16:29:30;Hardloopsessie;2880;9.57;2866;8.0;9.5;;;;;;
191;195;3209485823;23 mrt. 2020 06:59:20;Fietsrit;12225;87.74;11890;361.7000122;17.89999962;;;;;;
192;196;3213515559;24 mrt. 2020 16:21:41;Hardloopsessie;1790;6.07;1790;8.199999809;10.80000019;;;;;;
193;197;3217003719;25 mrt. 2020 14:53:08;Fietsrit;6312;49.74;6052;145.8000031;40.90000153;;;;;;
194;198;3222997348;27 mrt. 2020 07:06:59;Fietsrit;12823;95.75;12233;207.6000061;19.60000038;;;;;;
195;199;3228381850;28 mrt. 2020 16:01:07;Hardloopsessie;4319;12.66;4313;20.5;17.70000076;;;;;;
196;200;3235567098;30 mrt. 2020 14:54:14;Fietsrit;10258;75.04;9467;309.2000122;23.10000038;;;;;;
197;201;3238617745;31 mrt. 2020 14:40:36;Hardloopsessie;3042;10.33;3037;19.70000076;11.30000019;;;;;;
198;202;3242802675;1 apr. 2020 14:04:17;Fietsrit;8118;60.47;7821;167.1999969;30.60000038;;;;;;
199;203;3249750608;3 apr. 2020 12:17:01;Hardloopsessie;5148;15.29;5139;17.20000076;18.29999924;;;;;;
200;204;3254441974;4 apr. 2020 15:04:17;Wandeling;3300;4.35;3234;11.10000038;19.79999924;;;;;;
201;205;3257292820;5 apr. 2020 06:05:56;Fietsrit;14565;102.83;12981;656.4000244;35.5;;;;;;
202;206;3263110934;6 apr. 2020 14:43:33;Fietsrit;8029;59.99;7749;240.3000031;23.29999924;;;;;;
203;207;3266691901;7 apr. 2020 13:58:58;Hardloopsessie;2902;10.11;2894;13.89999962;11.0;;;;;;
204;208;3271776359;8 apr. 2020 14:01:50;Fietsrit;8724;72.53;8556;337.7999878;27.39999962;;;;;;
205;209;3280300909;10 apr. 2020 14:10:58;Hardloopsessie;4892;14.46;4837;48.90000153;11.0;;;;;;
206;210;3283480366;11 apr. 2020 06:04:23;Fietsrit;16404;116.12;15210;700.2000122;39.59999847;;;;;;
207;211;3294551744;13 apr. 2020 16:39:21;Hardloopsessie;2678;8.01;2554;11.0;10.89999962;;;;;;
208;212;3298675042;14 apr. 2020 14:29:49;Fietsrit;10388;85.12;10232;205.8000031;44.5;;;;;;
209;213;3303337594;15 apr. 2020 15:15:42;Fietsrit;6511;49.87;6237;130.0;9.0;;;;;;
210;214;3307163100;16 apr. 2020 13:08:06;Hardloopsessie;4487;12.01;4467;16.10000038;10.80000019;;;;;;
211;215;3312327926;17 apr. 2020 12:55:37;Fietsrit;12394;101.14;11940;443.2999878;26.20000076;;;;;;
212;216;3326970425;20 apr. 2020 14:43:17;Fietsrit;8168;68.38;8111;304.3999939;27.29999924;;;;;;
213;217;3332203229;21 apr. 2020 16:43:14;Hardloopsessie;2836;9.0;2824;12.0;11.0;;;;;;
214;218;3337540090;22 apr. 2020 16:35:21;Fietsrit;7055;21.2;4943;64.19999695;30.0;;;;;;
215;219;3342110900;23 apr. 2020 15:50:40;Hardloopsessie;5195;13.54;5181;60.90000153;11.0;;;;;;
216;220;3349644038;25 apr. 2020 09:36:45;Hardloopsessie;1845;5.51;1833;7.900000095;10.39999962;;;;;;
217;221;3349646065;25 apr. 2020 07:04:41;Fietsrit;8948;70.86;8669;378.3999939;25.60000038;;;;;;
218;222;3357748757;26 apr. 2020 16:26:58;Hardloopsessie;2301;6.58;2292;9.100000381;10.80000019;;;;;;
219;223;3362444534;27 apr. 2020 15:38:00;Fietsrit;7609;62.44;7459;149.1999969;17.60000038;;;;;;
220;224;3366226914;28 apr. 2020 14:38:06;Hardloopsessie;3000;9.53;2995;9.699999809;10.39999962;;;;;;
221;225;3371598786;29 apr. 2020 14:03:17;Fietsrit;11357;89.75;11163;508.3999939;25.79999924;;;;;;
222;226;3378931392;1/05/2020 9:06;Hardloopsessie;4646;14.04;4603;58.90000153;12.60000038;;;;;;
223;227;3386980530;2/05/2020 17:32;Wandeling;3317;4.6;3302;6.199999809;21.60000038;;;;;;
224;228;3392761191;3/05/2020 16:29;Wandeling;2922;3.67;2791;10.0;12.10000038;;;;;;
225;229;3397439820;4/05/2020 16:01;Hardloopsessie;3156;10.01;3146;11.10000038;10.30000019;;;;;;
226;230;3402654506;5/05/2020 14:36;Fietsrit;6607;41.18;5316;153.3999939;15.5;;;;;;
227;231;3413473554;7/05/2020 13:56;Hardloopsessie;4572;13.01;4568;17.5;14.60000038;;;;;;
228;232;3422805985;9/05/2020 6:05;Fietsrit;12040;97.74;11595;369.8999939;41.70000076;;;;;;
229;233;3439405069;12/05/2020 12:50;Fietsrit;6267;46.51;5780;174.1000061;12.69999981;;;;;;
230;234;3444994211;13/05/2020 15:15;Hardloopsessie;1658;5.01;1642;5.099999905;10.0;;;;;;
231;235;3451235849;14/05/2020 16:22;Hardloopsessie;6797;17.01;5818;26.20000076;11.0;;;;;;
232;236;3459573427;16/05/2020 8:17;Fietsrit;14014;100.47;13021;634.2999878;19.60000038;;;;;;
233;237;3472542660;18/05/2020 16:24;Hardloopsessie;3656;11.99;3631;13.10000038;28.89999962;;;;;;
234;238;3483380782;20/05/2020 15:02;Fietsrit;7448;59.34;7196;222.8999939;23.70000076;;;;;;
235;239;3493085833;22/05/2020 10:02;Fietsrit;8032;65.2;7515;35.0;6.599999905;166.3052521;;;;;
236;240;3499002358;23/05/2020 14:13;Hardloopsessie;4696;14.25;4550;36.5;19.0;153.8117828;;;;;
237;241;3521824779;27/05/2020 15:55;Fietsrit;9062;69.77;8319;289.1000061;28.60000038;156.833313;;;;;
238;242;3537490252;30/05/2020 16:52;Fietsrit;3896;34.0;3844;132.1000061;13.30000019;159.228363;;;;;
239;243;3540647270;31/05/2020 5:56;Fietsrit;16799;130.28;16394;792.2999878;44.0;149.1986084;;;;;
240;244;3546299245;1 jun. 2020 08:03:58;Fietsrit;9275;72.01;8930;286.0;16.5;151.5552063;;;;;
241;245;3546562827;31/05/2020 18:08;Fietsrit;129;0.55;129;3.099999905;7.599999905;125.0733948;;;;;
242;246;3559413636;3 jun. 2020 15:58:20;Fietsrit;9496;80.43;8945;161.0;24.79999924;154.8364563;;;;;
243;247;3563762524;4 jun. 2020 16:24:18;Hardloopsessie;2082;6.12;2082;5.0;9.699999809;146.4937439;;;;;
244;248;3576482166;7 jun. 2020 06:51:01;Fietsrit;9545;75.04;8983;287.6000061;28.39999962;155.3168488;;;;;
245;249;3593501682;10 jun. 2020 14:52:09;Fietsrit;3992;32.92;3798;61.0;7.900000095;;;;;;
246;250;3603445838;12 jun. 2020 13:56:39;Fietsrit;7726;56.67;7009;159.6000061;15.30000019;151.0850067;;;;;
247;251;3612719813;14 jun. 2020 05:55:43;Fietsrit;15706;126.23;14468;778.0999756;37.5;155.0431366;;;;;
248;252;3628002562;17 jun. 2020 10:00:45;Hardloopsessie;1854;5.19;1854;13.89999962;10.89999962;147.1241913;;;;;
249;253;3644524383;20 jun. 2020 14:05:15;Fietsrit;9243;80.8;9065;228.5;12.39999962;166.898468;;;;;
250;254;3647339777;21 jun. 2020 05:58:14;Fietsrit;12237;103.25;11585;337.6000061;32.29999924;146.5779419;;;;;
251;255;3659036544;23 jun. 2020 14:28:13;Hardloopsessie;2053;6.7;2053;15.10000038;19.60000038;165.7915192;;;;;
252;256;3672981907;26 jun. 2020 08:36:28;Hardloopsessie;3063;9.01;3057;17.0;11.0;163.585083;;;;;
253;257;3691717904;30 jun. 2020 08:11:51;Hardloopsessie;3089;9.02;3086;29.0;17.79999924;157.007782;;;;;
254;258;3702990247;2 jul. 2020 13:59:11;Hardloopsessie;3837;11.01;3742;21.0;10.80000019;157.3445587;;;;;
255;259;3713603878;4 jul. 2020 14:58:38;Fietsrit;11742;90.66;11267;252.0;22.20000076;;;;;;
256;260;3721732448;6 jul. 2020 12:27:01;Wandeling;2600;4.24;2600;109.8000031;49.0;112.4923096;;;;;
257;261;3727123478;7 jul. 2020 14:01:14;Hardloopsessie;3669;11.37;3661;14.10000038;12.80000019;168.3779755;;;;;
258;262;3738053876;9 jul. 2020 18:03:03;Hardloopsessie;4877;14.01;4869;11.0;11.0;167.6049652;;;;;
259;263;3750770044;12 jul. 2020 08:54:39;Fietsrit;12359;103.07;12218;420.7999878;16.70000076;165.3426819;;;;;
260;264;3754498533;13 jul. 2020 05:18:38;Fietsrit;2162;16.69;2162;53.79999924;7.099999905;149.1552734;;;;;
261;265;3756844192;13 jul. 2020 15:35:43;Fietsrit;5417;44.67;5325;143.1999969;27.79999924;159.08815;;;;;
262;266;3767553191;15 jul. 2020 17:31:31;Hardloopsessie;2794;9.02;2788;13.0;11.69999981;170.4687958;;;;;
263;267;3767570788;15 jul. 2020 10:37:19;Wandeling;4243;4.91;3664;94.69999695;49.5;102.1725082;;;;;
264;268;3769286584;16 jul. 2020 05:19:29;Fietsrit;2022;16.33;2022;39.0;5.400000095;;;;;;
265;269;3771877496;16 jul. 2020 16:02:39;Fietsrit;3588;28.73;3489;45.90000153;10.0;147.0693665;;;;;
266;270;3774042502;17 jul. 2020 05:34:18;Fietsrit;2037;16.45;2037;53.09999847;12.10000038;153.0054169;;;;;
267;271;3776402564;17 jul. 2020 14:15:12;Fietsrit;10444;80.5;10059;307.5;23.29999924;154.5265961;;;;;
268;272;3791847199;20 jul. 2020 18:14:33;Zwemmen;2216;1.15;2216;0.0;0.0;141.3465729;;;;;
269;273;3796703999;21 jul. 2020 16:56:43;Hardloopsessie;3317;11.03;3280;4.800000191;9.199999809;172.9332123;;;;;
270;274;3803959125;23 jul. 2020 05:07:26;Fietsrit;2436;16.41;2436;64.30000305;26.79999924;118.3060837;;;;;
271;275;3805416854;23 jul. 2020 16:05:39;Fietsrit;3531;31.16;3531;79.69999695;12.89999962;162.792984;;;;;
272;276;3806994488;24 jul. 2020 05:38:00;Fietsrit;2273;16.38;2273;48.09999847;11.30000019;123.034317;;;;;
273;277;3808702827;24 jul. 2020 14:20:16;Fietsrit;13358;100.48;12580;350.8999939;20.70000076;152.8414307;;;;;
274;278;3814833778;26 jul. 2020 12:27:08;Hardloopsessie;3960;11.42;3957;21.0;10.80000019;154.0867004;;;;;
275;279;3831658334;29 jul. 2020 08:01:05;Hardloopsessie;3857;11.52;3831;78.69999695;29.39999962;168.8450623;;;;;
276;280;3852755603;2 aug. 2020 07:23:32;Fietsrit;14179;97.49;13341;1066.099976;45.5;154.6004333;;;;;
277;281;3861871005;4 aug. 2020 07:46:28;Hardloopsessie;4335;13.01;4275;91.59999847;31.0;167.996933;;;;;
278;282;3891045229;10 aug. 2020 05:41:05;Hardloopsessie;3465;11.34;3465;10.10000038;11.5;172.071579;19.89999962;2.089999914;86.0;0.018999999;296.1000061
279;283;3927057048;17 aug. 2020 16:33:17;Hardloopsessie;3742;11.28;3721;14.10000038;11.0;171.4753876;23.56999969;3.190000057;171.0;0.2456;316.7999878
280;284;3932291192;18 aug. 2020 16:32:55;Fietsrit;7119;48.08;5658;70.0;17.5;165.2686462;23.43000031;3.309999943;171.0;0.321200013;312.1000061
281;285;3945927370;21 aug. 2020 13:52:36;Fietsrit;9842;74.62;9587;298.2999878;24.70000076;155.3106079;28.42000008;7.010000229;221.0;0.0;288.3999939
282;286;3954124598;23 aug. 2020 11:18:15;Hardloopsessie;3809;11.34;3809;21.70000076;16.70000076;163.2068939;19.75;7.340000153;268.0;0.0583;305.1000061
283;287;3967644486;26 aug. 2020 10:25:13;Hardloopsessie;1142;2.0;1113;70.0;33.29999924;160.234375;17.55999947;10.93999958;264.0;0.0156;299.6000061
284;288;3967910225;26 aug. 2020 11:03:25;Hardloopsessie;2879;8.42;2879;36.09999847;23.10000038;163.9847107;17.87000084;10.72000027;264.0;0.0147;299.3999939
285;289;3972470280;27 aug. 2020 09:25:06;Fietsrit;6017;48.78;5969;136.1000061;15.69999981;158.0589752;16.15999985;3.299999952;211.0;0.0061;299.8999939
286;290;3981647269;29 aug. 2020 12:29:30;Hardloopsessie;1209;2.01;1181;19.0;19.60000038;149.2401123;18.70000076;4.989999771;234.0;0.033599999;337.8999939
287;291;3981647563;29 aug. 2020 12:20:46;Hardloopsessie;411;1.36;411;4.0;8.300000191;150.1581573;18.70000076;4.989999771;234.0;0.033599999;337.8999939
288;292;3981819760;29 aug. 2020 12:53:51;Hardloopsessie;1904;5.32;1897;5.900000095;10.19999981;149.6629791;18.70000076;4.989999771;234.0;0.033599999;337.8999939
289;293;3989779283;31 aug. 2020 05:21:13;Fietsrit;1945;16.4;1945;54.79999924;10.0;158.1886902;12.27999973;3.119999886;340.0;0.020500001;336.1000061
290;294;3991954160;31 aug. 2020 15:53:01;Fietsrit;1931;16.34;1931;55.40000153;12.10000038;151.7689056;19.98999977;2.589999914;339.0;0.0;322.0
291;295;3996649458;1 sep. 2020 16:19:41;Hardloopsessie;1260;2.0;1215;68.09999847;38.79999924;150.2021942;18.68000031;2.170000076;54.0;0.0052;323.2999878
292;296;4006197540;3 sep. 2020 15:54:33;Hardloopsessie;399;1.32;389;3.900000095;9.300000191;148.8200531;22.40999985;6.869999886;231.0;0.0062;293.7999878
293;297;4006198351;3 sep. 2020 16:03:28;Hardloopsessie;1265;2.0;1211;31.0;29.10000038;148.3691406;22.80999947;6.420000076;232.0;0.0;293.2000122
294;298;4006519249;3 sep. 2020 16:31:11;Hardloopsessie;3285;7.19;2175;8.800000191;11.0;174.8753967;22.80999947;6.420000076;232.0;0.0;293.2000122
295;299;4022320936;6 sep. 2020 16:52:57;Hardloopsessie;3730;10.85;3726;9.0;9.800000191;164.9020081;18.5;2.819999933;303.0;0.0111;306.8999939
296;300;4022320939;6 sep. 2020 17:59:14;Hardloopsessie;1382;2.24;1345;112.9000015;38.0;149.3488617;17.52000046;2.5;321.0;0.0251;307.8999939
297;301;4022377400;6 sep. 2020 18:30:17;Hardloopsessie;386;1.41;386;2.0;7.300000191;164.1994781;16.31999969;2.309999943;332.0;0.0394;308.7999878
298;302;4028310383;8 sep. 2020 05:13:22;Fietsrit;3033;23.74;3033;94.90000153;21.20000076;157.4259644;12.69999981;4.019999981;224.0;0.0051;262.8999939
299;303;4030850977;8 sep. 2020 15:56:50;Fietsrit;3243;25.16;3041;65.40000153;13.60000038;151.2049408;21.06999969;3.470000029;259.0;0.0051;260.7999878
300;304;4031220254;8 sep. 2020 18:03:01;Hardloopsessie;1322;2.26;1281;115.8000031;47.59999847;143.3181458;19.23999977;2.190000057;228.0;0.0;268.1000061
301;305;4039555650;10 sep. 2020 13:57:07;Hardloopsessie;381;1.33;377;5.0;10.80000019;135.0478668;20.70000076;1.879999995;44.0;0.0;294.8999939
302;306;4039556081;10 sep. 2020 14:08:39;Hardloopsessie;1501;2.73;1451;105.1999969;40.0;162.0323792;21.19000053;1.720000029;47.0;0.0;293.7000122
303;307;4039730079;10 sep. 2020 15:14:50;Hardloopsessie;356;1.3;349;0.0;8.300000191;124.8567352;21.0;1.610000014;50.0;0.0;292.7000122
304;308;4053428597;13 sep. 2020 06:17:47;Fietsrit;21110;141.63;18435;663.2999878;32.0;155.1501465;10.59000015;2.789999962;203.0;0.0;277.0
305;309;4064834992;15 sep. 2020 18:16:39;Hardloopsessie;2085;2.93;1656;204.3999939;44.20000076;151.1668701;26.81999969;1.799999952;135.0;0.0;273.6000061
306;310;4064835068;15 sep. 2020 18:00:52;Hardloopsessie;389;1.33;389;2.900000095;9.899999619;156.831604;26.81999969;1.789999962;135.0;0.0;273.6000061
307;311;4064918493;15 sep. 2020 18:58:46;Hardloopsessie;479;1.31;476;2.200000048;13.10000038;137.1600037;26.81999969;1.799999952;135.0;0.0;273.6000061
308;312;4069564959;16 sep. 2020 17:43:03;Hardloopsessie;1444;2.54;1376;114.0999985;48.09999847;153.5774078;24.42000008;5.300000191;29.0;0.0051;262.0
309;313;4069565222;16 sep. 2020 17:29:47;Hardloopsessie;414;1.34;411;3.0;10.30000019;143.501236;24.42000008;5.300000191;29.0;0.0051;262.0
310;314;4069681403;16 sep. 2020 18:21:31;Hardloopsessie;370;1.39;370;3.0;7.300000191;158.1243286;21.39999962;4.730000019;28.0;0.0051;261.5
311;315;4080558898;19 sep. 2020 07:47:54;Hardloopsessie;418;1.33;415;4.0;10.69999981;151.292984;12.60999966;3.00999999;88.0;0.0;262.0
312;316;4080661580;19 sep. 2020 07:58:18;Hardloopsessie;1597;2.79;1562;51.79999924;40.79999924;158.6783142;12.60999966;3.00999999;88.0;0.0;262.0
313;317;4081116882;19 sep. 2020 08:35:23;Hardloopsessie;336;1.3;333;2.099999905;7.099999905;165.7627563;15.25;2.640000105;95.0;0.0;262.0
314;318;4095572699;22 sep. 2020 07:46:16;Hardloopsessie;1730;3.01;1718;260.1000061;49.20000076;163.5041809;10.67000008;1.519999981;232.0;0.0;269.1000061
315;319;4097147367;22 sep. 2020 14:23:16;Hardloopsessie;4170;11.25;3873;21.10000038;11.5;166.1855316;23.87000084;1.549999952;211.0;0.0072;276.6000061
316;320;4100493629;23 sep. 2020 08:14:20;Hardloopsessie;1736;3.02;1697;124.8000031;45.09999847;160.4582062;15.86999989;4.380000114;205.0;0.0083;283.1000061
317;321;4105431420;24 sep. 2020 10:10:50;Hardloopsessie;2614;7.01;2594;147.0;50.0;177.6688538;15.47999954;7.599999905;211.0;0.0;289.1000061
318;322;4114241925;26 sep. 2020 10:23:11;Hardloopsessie;2369;7.23;2365;12.0;9.800000191;159.3665924;13.44999981;4.599999905;322.0;0.0462;333.7000122
319;323;4118548863;27 sep. 2020 10:26:11;Hardloopsessie;2024;3.61;1998;27.29999924;20.0;172.3981781;12.88000011;5.130000114;53.0;0.0;293.8999939
320;324;4129111640;29 sep. 2020 17:04:22;Hardloopsessie;1979;3.4;1939;23.89999962;41.90000153;161.3253937;15.94999981;2.200000048;226.0;0.0482;277.2000122
321;325;4136522721;1 okt. 2020 09:50:00;Hardloopsessie;4286;13.0;4261;97.40000153;27.89999962;171.0308533;14.17000008;4.849999905;158.0;0.109099999;301.2999878
322;326;4138101975;1 okt. 2020 17:00:50;Hardloopsessie;1847;3.0;1792;89.09999847;37.0;142.4108887;12.72999954;4.239999771;227.0;0.052000001;323.0
323;327;4144654114;3 okt. 2020 10:02:38;Hardloopsessie;3262;11.01;3262;13.19999981;10.10000038;165.722702;12.48999977;4.730000019;230.0;0.861199975;303.2999878
324;328;4149123013;4 okt. 2020 09:39:47;Hardloopsessie;1981;3.43;1953;13.0;19.39999962;159.3084106;10.38000011;9.590000153;210.0;0.222399995;320.8999939
325;329;4164459747;7 okt. 2020 17:30:50;Hardloopsessie;2004;3.37;1964;14.80000019;19.60000038;159.8662872;12.07999992;4.079999924;246.0;0.029100001;273.1000061
326;330;4179684741;11 okt. 2020 08:48:48;Hardloopsessie;2630;9.6;2609;23.70000076;40.79999924;184.5424194;9.100000381;3.180000067;284.0;0.090999998;330.1000061
327;331;4190069572;13 okt. 2020 16:08:07;Hardloopsessie;426;1.34;423;3.0;9.0;149.6122894;12.17000008;3.410000086;111.0;0.0;309.2000122
328;332;4190475664;13 okt. 2020 16:27:20;Hardloopsessie;2063;3.52;2024;8.899999619;19.79999924;166.7759247;12.17000008;3.410000086;111.0;0.0;309.2000122
329;333;4190476323;13 okt. 2020 17:05:55;Hardloopsessie;911;3.01;911;3.0;8.399999619;146.6322784;10.89000034;3.170000076;98.0;0.0;308.5
330;334;4202696588;16 okt. 2020 14:13:45;Hardloopsessie;4547;11.67;3814;12.10000038;12.89999962;153.7645874;11.22999954;3.369999886;40.0;0.0;292.0
331;335;4203780266;16 okt. 2020 16:04:20;Hardloopsessie;1950;3.08;1771;38.29999924;47.59999847;150.6148071;10.39000034;2.930000067;38.0;0.0;291.7000122
332;336;4207250385;17 okt. 2020 14:16:53;Fietsrit;5304;40.48;5069;140.1999969;10.5;148.124115;11.52000046;0.709999979;359.0;0.0;278.1000061
333;337;4221038796;20 okt. 2020 16:39:49;Hardloopsessie;3648;10.53;3642;20.5;14.30000019;146.576889;13.86999989;5.429999828;204.0;0.192000002;271.3999939
334;338;4224719988;21 okt. 2020 14:24:45;Fietsrit;4399;34.07;4250;181.6000061;14.60000038;154.9234772;19.73999977;11.18999958;215.0;0.0;285.6000061
335;339;4235857406;24 okt. 2020 07:06:06;Fietsrit;9292;66.67;9111;312.2000122;24.60000038;149.0855713;11.01000023;6.070000172;211.0;0.0;285.0
336;340;4255676982;28 okt. 2020 18:40:38;Hardloopsessie;3265;10.14;3186;23.10000038;16.0;175.6218567;11.31000042;8.010000229;220.0;0.453200012;311.0
337;341;4263599751;30 okt. 2020 19:22:58;Hardloopsessie;4056;11.01;4052;8.899999619;11.30000019;157.9259186;14.02000046;5.650000095;232.0;0.0;271.7999878
338;342;4265587508;31 okt. 2020 08:04:25;Fietsrit;10535;77.21;10218;280.1000061;29.60000038;150.6567841;11.23999977;5.260000229;189.0;0.0;295.7999878
339;343;4280869209;3 nov. 2020 15:00:04;Hardloopsessie;3728;11.01;3695;13.0;10.69999981;144.2791748;11.02999973;7.329999924;246.0;0.0093;290.7000122
340;344;4302801049;7 nov. 2020 14:05:19;Wandeling;2969;4.35;2969;8.100000381;13.19999981;103.0437851;;;;;
341;345;4321982442;11 nov. 2020 11:24:25;Hardloopsessie;4089;11.4;3907;15.10000038;19.29999924;161.9690247;13.35000038;3.200000048;193.0;0.0;282.0
342;346;4341147596;15 nov. 2020 11:18:44;Wandeling;3100;4.53;2968;49.79999924;41.0;101.6816788;16.92000008;9.43999958;186.0;0.0;275.0
343;347;4346757076;16 nov. 2020 16:13:39;Hardloopsessie;2494;8.01;2494;10.89999962;10.89999962;169.0461884;10.82999992;5.599999905;250.0;0.038800001;276.6000061
344;348;4368416302;21 nov. 2020 09:02:58;Fietsrit;8978;63.06;8560;173.6000061;20.0;161.1446533;6.079999924;7.150000095;212.0;0.0051;267.0
345;349;4389106567;25 nov. 2020 14:23:37;Fietsrit;4259;34.04;4205;128.6999969;14.19999981;158.6705627;10.68000031;4.360000134;204.0;0.0;282.8999939
346;350;4393764543;26 nov. 2020 15:34:02;Wandeling;3248;4.6;3215;7.900000095;12.0;102.2652435;9.789999962;0.689999998;223.0;0.0;286.5
347;351;4406106688;29 nov. 2020 10:15:36;Hardloopsessie;2075;5.09;2072;9.0;10.60000038;146.6949768;1.75;3.400000095;69.0;0.0051;271.7000122
348;352;4412254064;30 nov. 2020 15:15:26;Fietsrit;2448;13.18;2072;62.09999847;12.60000038;146.8218842;3.799999952;5.130000114;226.0;0.032699998;289.1000061
349;353;4437512174;6 dec. 2020 11:10:11;Wandeling;4087;5.19;3717;7.900000095;19.29999924;102.1200027;2.380000114;1.129999995;44.0;0.031199999;367.7000122
350;354;4453092814;10 dec. 2020 06:27:41;Fietsrit;2249;16.5;2232;40.09999847;9.300000191;164.7661591;-0.519999981;2.50999999;129.0;0.0;288.7999878
351;355;4455099560;10 dec. 2020 17:10:43;Fietsrit;2209;16.54;2209;39.0;8.699999809;155.338623;0.569999993;2.049999952;122.0;0.0;258.5
352;356;4461311030;12 dec. 2020 08:26:38;Fietsrit;7030;54.13;6847;75.19999695;14.80000019;166.699295;5.820000172;2.920000076;219.0;0.0308;330.3999939
353;357;4478031702;16 dec. 2020 05:58:09;Fietsrit;2220;15.6;2204;41.79999924;10.10000038;165.370285;4.320000172;2.980000019;163.0;0.0;261.0
354;358;4480354070;16 dec. 2020 18:03:14;Fietsrit;2135;17.23;2135;47.40000153;11.60000038;163.8173218;8.489999771;4.510000229;177.0;0.0;257.6000061
355;359;4485884735;17 dec. 2020 14:25:50;Fietsrit;7552;48.24;6283;163.6000061;18.60000038;124.3029327;9.06000042;5.460000038;227.0;0.0116;276.8999939
356;360;4491047864;19 dec. 2020 12:50:20;Hardloopsessie;2885;8.11;2882;8.0;16.20000076;153.8933258;12.17000008;8.279999733;203.0;0.0;261.1000061
357;361;4499542309;21 dec. 2020 10:55:27;Hardloopsessie;1587;5.27;1542;26.60000038;12.80000019;176.3181763;8.430000305;6.329999924;186.0;0.127200007;274.2999878
358;362;4509507023;23 dec. 2020 18:50:55;Fietsrit;2852;0.0;2852;0.0;0.0;154.4856262;;;;;
359;363;4512559915;24 dec. 2020 13:39:57;Fietsrit;3599;0.0;3599;0.0;0.0;140.2761841;;;;;
360;364;4520337228;26 dec. 2020 14:00:16;Fietsrit;4507;0.0;4507;0.0;0.0;144.7457275;;;;;
361;365;4529340914;28 dec. 2020 12:53:45;Hardloopsessie;3193;9.44;3114;57.09999847;45.29999924;162.4016724;4.78000021;3.380000114;166.0;0.0;365.3999939
362;366;4535417232;29 dec. 2020 16:39:30;Fietsrit;3599;0.0;3599;0.0;0.0;144.8480072;;;;;
363;367;4544904390;31 dec. 2020 14:13:41;Fietsrit;3914;0.0;3914;0.0;0.0;146.8791504;;;;;
364;368;4554184800;2 jan. 2021 13:07:15;Hardloopsessie;2703;8.44;2626;9.5;14.10000038;155.2991638;2.880000114;2.25999999;214.0;0.0;319.1000061
365;369;4564144539;4 jan. 2021 05:40:38;Fietsrit;2734;0.0;2734;0.0;0.0;130.0036621;;;;;
366;370;4578377377;6 jan. 2021 17:34:16;Fietsrit;5405;0.0;5405;0.0;0.0;161.3446808;;;;;
367;371;4591019673;9 jan. 2021 09:54:16;Fietsrit;5806;42.11;5515;100.0999985;10.80000019;162.6791382;-1.25999999;1.75;275.0;0.0;303.6000061
368;372;4614348085;13 jan. 2021 13:00:00;Fietsrit;8106;61.98;8029;146.0;13.80000019;166.5690308;3.650000095;5.409999847;264.0;0.0;278.3999939
369;373;4618550018;14 jan. 2021 10:51:36;Hardloopsessie;2934;7.88;2906;111.0999985;40.0;166.0013885;1.590000033;2.420000076;99.0;0.0;279.7999878
370;374;4629159871;16 jan. 2021 10:31:23;Fietsrit;9415;70.2;9189;234.1000061;44.0;146.5123749;-0.889999986;3.859999895;190.0;0.0;338.2999878
371;375;4639746468;18 jan. 2021 06:24:53;Fietsrit;2434;17.84;2373;85.69999695;42.20000076;156.5900421;1.590000033;4.099999905;236.0;0.0052;343.6000061
372;376;4641469695;18 jan. 2021 14:00:33;Fietsrit;4069;31.25;4069;91.30000305;17.5;155.6568909;5.429999828;5.619999886;243.0;0.104900002;322.2000122
373;377;4652357472;20 jan. 2021 14:58:53;Hardloopsessie;2996;9.01;2996;23.0;13.80000019;139.2029419;8.56000042;8.579999924;201.0;0.0;284.0
374;378;4667714261;23 jan. 2021 12:04:13;Fietsrit;7008;53.79;6977;201.3000031;24.79999924;159.0979614;4.800000191;4.289999962;202.0;0.089100003;354.5
375;379;4704253671;30 jan. 2021 10:52:10;Hardloopsessie;3671;11.02;3666;23.89999962;16.29999924;159.2844696;0.460000008;5.150000095;59.0;0.58859998;360.5
376;380;4723027502;2 feb. 2021 16:22:25;Hardloopsessie;2644;7.98;2630;6.0;10.89999962;151.7041168;10.36999989;5.889999866;245.0;0.033599999;351.0
377;381;4761540623;9 feb. 2021 17:03:06;Fietsrit;3168;0.0;3168;0.0;0.0;149.0451355;;;;;
378;382;4772143148;11 feb. 2021 19:06:56;Hardloopsessie;2341;7.27;2337;13.0;10.30000019;150.4118195;-5.659999847;3.849999905;69.0;0.0;357.7999878
379;383;4786349401;14 feb. 2021 12:43:08;Fietsrit;5491;0.0;5491;0.0;0.0;162.7872925;;;;;
380;384;4797816781;16 feb. 2021 17:18:04;Fietsrit;2714;0.0;2714;0.0;0.0;150.9358826;;;;;
381;385;4803059682;17 feb. 2021 17:44:53;Wandeling;1544;3.06;1515;7.800000191;11.30000019;133.6047211;9.619999886;5.119999886;207.0;0.033500001;375.3999939
382;386;4818965857;20 feb. 2021 15:37:10;Wandeling;2680;1.88;1804;107.0999985;49.5;115.0992737;14.47000027;6.300000191;163.0;0.0;292.7999878
383;387;4818965964;20 feb. 2021 13:22:25;Wandeling;5869;5.14;4380;146.0;49.0;111.4627609;13.52000046;6.510000229;170.0;0.0;295.2999878
384;388;4831943684;22 feb. 2021 19:06:38;Hardloopsessie;1728;5.23;1724;10.0;11.0;160.4505768;12.81000042;3.200000048;190.0;0.0;320.6000061
385;389;4843909988;24 feb. 2021 18:49:47;Hardloopsessie;3626;10.5;3623;13.0;10.80000019;155.3636627;14.31000042;3.279999971;184.0;0.0;280.7999878
386;390;4847977248;25 feb. 2021 14:20:27;Fietsrit;5091;36.38;4900;342.5;28.39999962;152.5914154;17.65999985;3.559999943;239.0;0.0;279.7999878
387;391;4865336053;28 feb. 2021 10:39:54;Fietsrit;8901;70.15;8730;385.1000061;32.29999924;142.920166;6.449999809;3.609999895;58.0;0.0;358.5
388;392;4873539570;1 mrt. 2021 19:34:10;Hardloopsessie;1948;6.03;1942;12.10000038;18.5;151.0604706;6.820000172;3.49000001;90.0;0.0;358.6000061
389;393;4877256505;2 mrt. 2021 13:25:45;Fietsrit;4223;34.14;4082;132.8000031;17.5;152.8135834;13.81999969;2.160000086;187.0;0.0;352.5
390;394;4883954028;3 mrt. 2021 14:44:40;Fietsrit;5283;44.28;5027;41.20000076;25.0;;15.68999958;3.289999962;305.0;0.0142;342.7999878
391;395;4891100728;4 mrt. 2021 20:02:54;Wandeling;2062;4.02;2062;4.199999809;12.39999962;114.5694199;4.849999905;3.5;347.0;0.016799999;325.6000061
392;396;4906791680;7 mrt. 2021 11:38:07;Fietsrit;8281;66.55;8239;350.2999878;30.39999962;157.5019989;4.260000229;2.230000019;24.0;0.0;389.8999939
393;397;4912948095;8 mrt. 2021 14:16:45;Fietsrit;7522;60.5;7381;200.8999939;23.5;154.1312714;8.279999733;1.840000033;329.0;0.013;384.0
394;398;4919304687;9 mrt. 2021 17:02:54;Wandeling;3421;6.21;3421;17.10000038;19.0;105.3130722;6.829999924;3.640000105;298.0;0.068999998;347.8999939
395;399;4922863886;10 mrt. 2021 10:06:32;Hardloopsessie;1744;5.39;1738;9.0;16.79999924;158.2410889;6.96999979;5.300000191;197.0;0.0502;330.7999878
396;400;4927252212;11 mrt. 2021 05:18:51;Fietsrit;2169;0.0;2169;0.0;0.0;136.4900818;;;;;
397;401;4938386370;13 mrt. 2021 09:31:41;Fietsrit;5928;0.0;5928;0.0;0.0;153.9606934;;;;;
398;402;4949192410;15 mrt. 2021 05:12:34;Fietsrit;2409;0.0;2409;0.0;0.0;128.989212;;;;;
399;403;4957926443;16 mrt. 2021 17:37:11;Fietsrit;4804;0.0;4804;0.0;0.0;148.2639465;;;;;
400;404;4984559754;21 mrt. 2021 09:08:23;Fietsrit;14947;113.53;14686;613.7999878;47.59999847;159.8382568;7.28000021;5.21999979;340.0;0.0077;332.7000122
401;405;4991984422;22 mrt. 2021 17:48:33;Wandeling;3132;4.38;3071;8.199999809;11.5;114.8003235;8.56000042;2.049999952;296.0;0.0;348.5
402;406;5001251460;24 mrt. 2021 06:31:34;Fietsrit;16708;116.74;15046;951.5999756;30.5;159.4822235;2.380000114;2.910000086;200.0;0.0;334.3999939
403;407;5019293237;27 mrt. 2021 11:10:45;Fietsrit;8255;66.47;8157;288.3999939;15.10000038;164.738327;7.130000114;7.869999886;318.0;0.200100005;387.7000122
404;408;5032381230;29 mrt. 2021 16:40:14;Hardloopsessie;1784;5.11;1784;5.099999905;10.80000019;149.7608032;18.29000092;4.75;239.0;0.0;344.7000122
405;409;5045485024;31 mrt. 2021 15:52:49;Fietsrit;8053;65.62;7489;210.0;21.10000038;169.5813446;23.0;2.799999952;271.0;0.0;338.2000122
406;410;5048456887;1 apr. 2021 05:42:29;Fietsrit;16962;118.32;15419;774.0;28.60000038;156.8542328;8.31000042;2.329999924;287.0;0.073700003;332.5
407;411;5088815253;8 apr. 2021 05:20:06;Fietsrit;2088;16.38;2088;69.19999695;10.10000038;154.5510254;-1.919999957;2.890000105;220.0;0.0;368.8999939
408;412;5091817513;8 apr. 2021 16:18:44;Fietsrit;2061;16.4;2061;71.69999695;15.39999962;149.7525482;8.25;4.329999924;233.0;0.0;347.7000122
409;413;5094579828;9 apr. 2021 05:14:19;Fietsrit;2090;16.42;2090;58.40000153;10.69999981;154.3261414;3.640000105;3.619999886;216.0;0.0;359.6000061
410;414;5097727693;9 apr. 2021 15:03:15;Fietsrit;2074;16.43;2074;68.19999695;11.30000019;142.5528259;13.10000038;4.190000057;263.0;0.0;374.7000122
411;415;5112506188;12 apr. 2021 05:11:17;Fietsrit;2081;16.48;2081;51.79999924;7.5;157.0273895;0.319999993;2.890000105;264.0;0.041999999;428.3999939
412;416;5113703807;12 apr. 2021 12:17:30;Fietsrit;3264;25.36;3225;83.19999695;26.70000076;160.2364197;6.570000172;4.670000076;278.0;0.111299999;434.2000122
413;417;5117463933;13 apr. 2021 05:14:30;Fietsrit;2165;16.4;2165;54.20000076;11.60000038;150.1605682;-1.929999948;2.089999914;260.0;0.0;453.2000122
414;418;5120477530;13 apr. 2021 15:17:43;Fietsrit;5684;44.01;5594;158.6999969;18.89999962;160.6833801;10.15999985;3.069999933;329.0;0.0581;449.6000061
415;419;5123493243;14 apr. 2021 05:07:50;Fietsrit;2235;16.42;2235;67.19999695;13.69999981;151.6836853;-0.879999995;0.939999998;159.0;0.0;460.2000122
416;420;5126705108;14 apr. 2021 16:46:00;Fietsrit;2026;16.25;2026;38.79999924;15.0;150.2151031;9.56000042;3.470000029;16.0;0.0337;450.2999878
417;421;5134786137;16 apr. 2021 05:09:38;Fietsrit;2094;16.38;2094;55.59999847;8.5;152.516037;-0.209999993;2.74000001;27.0;0.0;411.1000061
418;422;5137699435;16 apr. 2021 14:05:18;Fietsrit;11178;82.65;10445;191.0;27.5;155.8362427;10.82999992;4.730000019;35.0;0.0;406.0
419;423;5152824589;19 apr. 2021 05:06:44;Fietsrit;2897;16.43;2138;56.20000076;9.899999619;141.5056305;4.78000021;1.950000048;332.0;0.0123;390.6000061
420;424;5155120796;19 apr. 2021 14:38:15;Fietsrit;1926;16.41;1926;50.40000153;10.60000038;148.6871033;13.48999977;1.720000029;64.0;0.061700001;399.2000122
421;425;5158288085;20 apr. 2021 05:06:33;Fietsrit;2144;16.45;2128;43.70000076;9.800000191;150.4380035;4.460000038;0.939999998;134.0;0.0;372.2999878
422;426;5161091913;20 apr. 2021 14:37:01;Fietsrit;5527;44.56;5403;129.1000061;19.5;156.1581268;17.19000053;1.139999986;18.0;0.021400001;364.8999939
423;427;5164446543;21 apr. 2021 05:05:38;Fietsrit;2334;16.43;2334;47.0;11.5;136.8909912;6.179999828;1.450000048;327.0;0.0061;358.2999878
424;428;5167710263;21 apr. 2021 16:36:54;Fietsrit;2108;16.32;2108;61.20000076;10.19999981;150.5678406;13.5;5.230000019;3.0;0.0188;369.6000061
425;429;5175880410;23 apr. 2021 05:08:38;Fietsrit;2156;16.4;2156;41.0;6.199999809;147.937851;-0.639999986;2.160000086;55.0;0.0;350.8999939
426;430;5179015377;23 apr. 2021 14:39:50;Fietsrit;10508;82.82;9933;357.1000061;28.10000038;162.2459259;14.81000042;3.339999914;47.0;0.0;347.2000122
427;431;5194106305;26 apr. 2021 05:12:05;Fietsrit;2213;16.44;2213;42.0;22.5;146.5138245;0.550000012;3.069999933;49.0;0.0;374.1000061
428;432;5196572359;26 apr. 2021 14:17:56;Fietsrit;7814;59.48;7576;179.0;16.79999924;147.0172119;13.10999966;4.650000095;56.0;0.0;369.2999878
429;433;5205539725;28 apr. 2021 05:10:09;Fietsrit;2193;16.43;2193;41.0;3.700000048;141.0553284;3.920000076;2.329999924;49.0;0.0064;392.8999939
430;434;5208941253;28 apr. 2021 14:56:23;Fietsrit;11987;91.55;10250;222.5;12.0;158.8274994;19.95999908;1.74000001;79.0;0.0;384.6000061
431;435;5216344573;30 apr. 2021 05:07:22;Fietsrit;2164;16.46;2164;55.20000076;13.30000019;144.5529785;2.880000114;2.150000095;260.0;0.0;381.8999939
432;436;5218520810;30 apr. 2021 14:47:15;Fietsrit;2152;16.4;2152;61.0;14.5;142.835434;13.11999989;2.24000001;271.0;0.0124;378.2999878
433;437;5222062354;1/05/2021 6:24;Fietsrit;12580;105.11;11992;470.0;33.59999847;156.0668793;3.049999952;2.00999999;254.0;0.0;367.0
434;438;5233660372;3/05/2021 4:58;Fietsrit;2301;16.37;2301;60.79999924;16.5;129.1764679;1.100000024;2.869999886;209.0;0.0;403.8999939
435;439;5235784388;3/05/2021 14:13;Fietsrit;2100;16.4;2100;40.0;3.5;136.4790497;13.86999989;6.25;237.0;0.0099;391.2999878
436;440;5236317942;3/05/2021 15:34;Wandeling;3449;5.04;3449;14.0;18.79999924;91.62332153;14.13000011;6.309999943;233.0;0.0153;391.7000122
437;441;5238846392;4/05/2021 5:09;Fietsrit;2042;15.2;2020;112.5;38.70000076;146.4494781;7.409999847;11.76000023;212.0;0.264499992;366.3999939
438;442;5241076740;4/05/2021 15:09;Fietsrit;2168;16.3;2168;85.30000305;25.79999924;142.7486115;12.86999989;10.94999981;254.0;0.160500005;367.6000061
439;443;5244220460;5/05/2021 5:07;Fietsrit;2191;16.58;1971;67.5;11.80000019;166.991333;4.480000019;6.099999905;248.0;0.168300003;410.2000122
440;444;5246482019;5/05/2021 15:00;Fietsrit;2175;16.5;2175;75.19999695;23.0;150.0990753;11.18000031;6.429999828;290.0;0.178900003;409.1000061
441;445;5254876621;7/05/2021 5:19;Fietsrit;2151;16.42;2151;53.79999924;17.0;143.5521393;3.569999933;4.070000172;260.0;0.144800007;417.7999878
442;446;5257739080;7/05/2021 14:12;Fietsrit;12383;90.37;11876;369.0;20.79999924;147.8884125;12.60999966;3.829999924;264.0;0.0;398.1000061
443;447;5271464254;10/05/2021 5:11;Fietsrit;2141;16.43;2141;58.09999847;9.800000191;145.5596619;15.44999981;6.309999943;209.0;0.0449;333.2999878
444;448;5273572683;10/05/2021 15:15;Fietsrit;1868;16.39;1868;51.70000076;13.30000019;162.1482849;19.85000038;5.110000134;213.0;0.005;344.6000061
445;449;5276674213;11/05/2021 4:58;Fietsrit;2484;16.4;2130;54.29999924;11.69999981;145.391037;11.21000004;1.269999981;151.0;0.07;356.7000122
446;450;5279543432;11/05/2021 16:11;Fietsrit;2079;16.34;2079;60.29999924;18.60000038;153.8968201;13.57999992;2.099999905;345.0;0.432900012;361.7999878
447;451;5285851164;12/05/2021 17:34;Fietsrit;4010;35.18;3916;109.0;15.39999962;171.5816956;14.0;2.430000067;208.0;0.1752;374.0
448;452;5300317519;15/05/2021 6:35;Fietsrit;18854;126.97;16435;607.0;47.5;157.0493011;9.420000076;3.079999924;227.0;0.041299999;389.1000061
449;453;5300537427;15/05/2021 12:20;Fietsrit;452;3.37;452;5.0;20.20000076;158.2922363;13.78999996;5.670000076;205.0;0.191200003;387.0
450;454;5319371927;18/05/2021 17:48;Fietsrit;4096;34.89;4007;98.0;11.0;164.434494;14.31999969;4.570000172;297.0;0.136000007;385.2999878
451;455;5342809389;23/05/2021 8:18;Fietsrit;1049;8.06;1049;23.0;5.199999809;174.2249756;10.44999981;7.460000038;240.0;0.017999999;364.6000061
452;456;5346365246;23/05/2021 14:20;Hardloopsessie;3068;0.95;453;5.900000095;42.90000153;150.625;15.27000046;6.679999828;236.0;0.0148;358.0
453;457;5359286002;26/05/2021 5:09;Fietsrit;2117;16.39;2117;48.09999847;15.89999962;143.5354462;7.199999809;4.050000191;215.0;0.0054;402.1000061
454;458;5361521454;26/05/2021 14:49;Fietsrit;2231;16.45;2231;93.19999695;19.79999924;138.8009796;12.93000031;6.619999886;315.0;0.415499985;414.7999878
455;459;5365184898;27/05/2021 7:58;Fietsrit;2003;16.4;2003;65.80000305;9.199999809;145.3524628;10.43000031;6.099999905;270.0;0.0548;378.3999939
456;460;5367971731;27/05/2021 16:55;Fietsrit;2091;16.35;2091;65.09999847;12.89999962;145.8338928;14.90999985;5.619999886;307.0;0.023;371.1000061
457;461;5370355747;28/05/2021 5:09;Fietsrit;2125;16.39;2125;62.20000076;20.89999962;144.6238861;6.170000076;0.75999999;67.0;0.0;342.2999878
458;462;5372900189;28/05/2021 16:48;Fietsrit;2032;16.38;2032;47.59999847;9.0;146.0782471;18.57999992;3.339999914;73.0;0.0;343.2000122
459;463;5378635404;29/05/2021 12:54;Fietsrit;15773;109.13;14241;652.0;36.70000076;150.4829254;19.44000053;3.890000105;38.0;0.0;372.1000061
460;464;5387006943;31/05/2021 4:59;Fietsrit;2144;16.45;2144;58.29999924;10.5;133.0041962;10.07999992;2.519999981;74.0;0.0;334.2000122
461;465;5389729813;31/05/2021 16:10;Fietsrit;2034;16.21;1951;52.0;13.39999962;142.6294708;24.12000084;3.630000114;81.0;0.0;336.2000122
462;466;5392525249;1 jun. 2021 04:54:33;Fietsrit;2128;16.36;2128;60.90000153;13.5;132.7476501;11.78999996;2.480000019;111.0;0.0;340.2999878
463;467;5395388859;1 jun. 2021 15:55:02;Fietsrit;3181;18.93;2383;62.29999924;20.0;126.1905975;25.57999992;5.349999905;94.0;0.0;353.2999878
464;468;5427613905;7 jun. 2021 04:58:01;Fietsrit;2189;16.44;2189;53.70000076;12.69999981;130.0449524;10.52999973;1.909999967;30.0;0.0;335.5
465;469;5430026119;7 jun. 2021 16:00:19;Fietsrit;2374;20.5;2337;51.0;12.80000019;152.2695313;22.95000076;3.289999962;20.0;0.045200001;330.7999878
466;470;5432828554;8 jun. 2021 04:54:07;Fietsrit;2222;16.37;2222;59.90000153;15.19999981;129.0239563;11.52999973;1.639999986;62.0;0.0;336.6000061
467;471;5435893949;8 jun. 2021 16:26:36;Fietsrit;2984;25.1;2962;75.30000305;18.5;156.3774567;23.97999954;2.539999962;22.0;0.0069;350.8999939
468;472;5439439487;9 jun. 2021 08:45:29;Fietsrit;1981;16.39;1981;55.90000153;16.70000076;151.6936035;19.80999947;1.919999957;321.0;0.0;338.6000061
469;473;5441672925;9 jun. 2021 15:51:15;Fietsrit;4157;27.92;3632;74.5;10.69999981;149.4313354;25.14999962;3.170000076;279.0;0.0;335.8999939
470;474;5449967315;11 jun. 2021 04:54:09;Fietsrit;2202;16.25;2202;41.29999924;8.199999809;130.8146362;13.81000042;1.429999948;255.0;0.0;327.3999939
471;475;5452670158;11 jun. 2021 16:21:27;Fietsrit;2091;16.27;2091;67.40000153;12.89999962;149.3090973;26.26000023;4.320000172;195.0;0.0;323.2000122
472;476;5466671974;14 jun. 2021 04:54:44;Fietsrit;2176;16.42;2176;45.20000076;7.400000095;132.0185852;12.82999992;1.580000043;141.0;0.0;324.6000061
473;477;5468493663;14 jun. 2021 13:41:04;Fietsrit;1942;16.38;1942;61.09999847;12.60000038;161.8902588;27.63999939;2.24000001;167.0;0.0;329.7000122
474;478;5471923003;15 jun. 2021 04:57:02;Fietsrit;2170;16.4;2170;54.90000153;10.5;136.5571594;15.06000042;2.539999962;32.0;0.0;325.7999878
475;479;5474996441;15 jun. 2021 16:49:38;Fietsrit;1884;16.36;1884;48.90000153;12.10000038;163.6666718;25.90999985;3.420000076;14.0;0.0;320.2000122
476;480;5477807703;16 jun. 2021 04:53:56;Fietsrit;2374;17.71;2374;47.0;10.30000019;129.4395294;15.89999962;2.289999962;97.0;0.0;321.5
477;481;5480853005;16 jun. 2021 14:09:15;Fietsrit;10246;71.65;9198;262.2000122;18.5;145.3698883;30.04999924;2.789999962;237.0;0.0;329.2999878
478;482;5488727336;18 jun. 2021 04:59:07;Fietsrit;2117;16.42;2117;45.59999847;11.5;128.813385;19.52000046;2.920000076;44.0;0.127100006;327.5
479;483;5491432472;18 jun. 2021 13:50:24;Fietsrit;15659;47.13;5562;227.0;30.39999962;165.7327271;29.75;4.650000095;209.0;0.068800002;327.3999939
480;484;5509136588;22 jun. 2021 04:52:40;Fietsrit;1876;16.28;1876;50.5;27.79999924;160.6128693;11.56999969;4.539999962;46.0;0.0;335.8999939
481;485;5511499960;22 jun. 2021 15:17:46;Fietsrit;1817;16.29;1817;36.20000076;8.300000191;164.3368225;15.25;4.559999943;26.0;0.132599995;337.7000122
482;486;5514621259;23 jun. 2021 04:54:14;Fietsrit;2004;16.34;2004;46.09999847;6.5;150.9960022;11.07999992;3.849999905;29.0;0.0284;339.5
483;487;5517086208;23 jun. 2021 15:23:48;Fietsrit;2091;16.37;2091;58.90000153;11.69999981;142.5911102;16.18000031;3.200000048;28.0;0.033799998;338.7000122
484;488;5519996071;24 jun. 2021 04:54:06;Fietsrit;1896;16.28;1896;55.90000153;8.899999619;154.8775787;12.97999954;2.930000067;16.0;0.0111;336.5
485;489;5520967433;24 jun. 2021 10:19:50;Fietsrit;2019;16.22;2019;44.20000076;8.5;154.9147491;17.93000031;3.099999905;15.0;0.0;337.0
486;490;5541139689;28 jun. 2021 04:54:56;Fietsrit;1963;16.38;1963;46.0;15.10000038;153.8599243;16.17000008;1.460000038;149.0;0.0122;330.7999878
487;491;5543469793;28 jun. 2021 15:55:42;Fietsrit;1940;16.41;1940;41.20000076;9.800000191;149.4122772;21.57999992;4.010000229;228.0;0.281399995;331.6000061
488;492;5546034493;29 jun. 2021 04:55:54;Fietsrit;1932;16.38;1932;42.29999924;10.80000019;152.3243256;15.81000042;2.329999924;193.0;0.0143;342.5
489;493;5548475523;29 jun. 2021 15:16:55;Fietsrit;1989;16.37;1989;31.89999962;9.600000381;145.3448944;20.05999947;3.920000076;300.0;0.422699988;339.3999939
490;494;5577135827;5 jul. 2021 04:54:48;Fietsrit;2380;18.52;2380;49.79999924;11.5;145.0239868;13.86999989;3.400000095;225.0;0.024700001;339.3999939
491;495;5579508383;5 jul. 2021 15:44:30;Fietsrit;1995;16.43;1995;39.29999924;11.5;145.5586243;18.47999954;2.779999971;120.0;0.0134;324.5
492;496;5587656907;7 jul. 2021 04:55:15;Fietsrit;2169;16.39;2169;49.40000153;8.699999809;137.0225983;13.27999973;3.50999999;189.0;0.0;348.8999939
493;497;5589709265;7 jul. 2021 14:05:47;Fietsrit;1956;16.33;1956;50.40000153;11.10000038;153.079834;22.57999992;4.260000229;229.0;0.040800001;347.1000061
494;498;5592986326;8 jul. 2021 04:55:50;Fietsrit;2118;16.47;2118;48.09999847;15.0;138.9891357;13.31999969;1.590000033;214.0;0.0;356.5
495;499;5595647231;8 jul. 2021 15:31:15;Fietsrit;2025;16.41;2025;36.90000153;9.800000191;143.06633;22.03000069;1.820000052;334.0;0.179199994;355.2000122
496;500;5609868269;11 jul. 2021 05:33:26;Fietsrit;20465;131.11;16155;526.0999756;27.5;151.9622345;13.93000031;2.779999971;244.0;0.0066;335.0
497;501;5614020982;12 jul. 2021 04:58:42;Fietsrit;2206;16.38;2206;43.5;9.800000191;135.76828;14.77000046;2.279999971;103.0;0.039000001;326.7000122
498;502;5615849564;12 jul. 2021 14:12:38;Fietsrit;2203;16.37;2203;30.89999962;10.30000019;134.5127411;22.27000046;2.130000114;139.0;0.157499999;323.7000122
499;503;5646279615;18 jul. 2021 07:52:02;Fietsrit;9856;80.01;9827;164.0;28.0;161.3466034;17.44000053;2.180000067;18.0;0.0;305.2999878
500;504;5655856971;20 jul. 2021 04:55:40;Fietsrit;2199;16.5;2199;39.29999924;7.199999809;139.3759613;12.02999973;2.029999971;57.0;0.0;312.6000061
501;505;5658145804;20 jul. 2021 13:35:22;Fietsrit;2045;16.34;2045;38.79999924;11.69999981;151.2063599;22.40999985;2.940000057;25.0;0.0;318.3999939
502;506;5669177714;22 jul. 2021 09:54:47;Fietsrit;2327;17.76;2327;50.79999924;10.80000019;137.0508423;21.68000031;1.649999976;346.0;0.0;315.6000061
503;507;5669179496;22 jul. 2021 06:02:30;Fietsrit;2147;16.46;2147;45.70000076;9.300000191;142.4655151;15.81000042;1.110000014;214.0;0.0;316.0
504;508;5672380609;23 jul. 2021 05:37:40;Fietsrit;2236;16.42;2236;47.90000153;10.69999981;134.480072;12.48999977;2.789999962;51.0;0.0;316.2999878
505;509;5673966696;23 jul. 2021 12:49:18;Fietsrit;2184;16.4;2184;38.79999924;9.199999809;137.7284393;23.01000023;3.539999962;51.0;0.0;315.0
506;510;5678856603;24 jul. 2021 07:22:33;Fietsrit;18859;114.95;15331;1107.699951;30.0;155.9855194;17.70999908;2.109999895;103.0;0.057999998;315.7000122
507;511;5704088645;29 jul. 2021 05:00:11;Fietsrit;2215;16.51;2215;36.0;7.300000191;139.9981842;13.75;5.920000076;226.0;0.0;329.2000122
508;512;5707964410;29 jul. 2021 15:04:35;Fietsrit;12318;85.03;10556;383.8999939;27.0;159.1577606;21.01000023;6.449999809;233.0;0.012;324.7000122
509;513;5716561281;31 jul. 2021 14:55:48;Hardloopsessie;1805;4.79;1766;7.0;37.5;157.5664825;21.20000076;5.929999828;267.0;0.180700004;344.2000122
510;514;5731041450;3 aug. 2021 09:25:08;Hardloopsessie;2449;6.01;2435;52.29999924;19.60000038;151.7454376;14.68999958;1.320000052;23.0;0.143700004;345.8999939
511;515;5742170916;5 aug. 2021 09:14:44;Hardloopsessie;2999;7.9;2982;70.19999695;32.59999847;167.2514343;18.97999954;2.140000105;184.0;0.0127;347.2000122
512;516;5768384628;10 aug. 2021 09:17:57;Hardloopsessie;3012;7.86;2978;68.90000153;24.29999924;163.0226593;18.30999947;3.849999905;241.0;0.191;338.8999939
513;517;5779406338;12 aug. 2021 06:57:46;Hardloopsessie;2416;6.08;2390;57.20000076;20.20000076;156.8237305;14.57999992;1.360000014;189.0;0.0;310.2999878
514;518;5801015326;16 aug. 2021 07:58:24;Hardloopsessie;3645;9.33;3570;79.0;21.29999924;153.4506989;15.43999958;5.880000114;238.0;0.0109;314.5
515;519;5817268808;19 aug. 2021 09:10:21;Hardloopsessie;3331;9.44;3316;53.79999924;31.29999924;138.193161;16.61000061;4.71999979;243.0;0.0103;308.2000122
516;520;5833110217;22 aug. 2021 08:34:27;Hardloopsessie;3600;9.67;3480;6.099999905;12.19999981;168.8452301;17.60000038;5.059999943;224.0;0.200599998;322.7999878
517;521;5844174135;24 aug. 2021 09:32:27;Fietsrit;4589;34.98;4529;133.1000061;19.29999924;147.0437317;17.95999908;4.340000153;52.0;0.0;314.8999939
518;522;5850569987;25 aug. 2021 11:50:48;Hardloopsessie;3039;8.21;2946;5.43874979;20.0;163.8237;20.52000046;2.869999886;34.0;0.0;304.5
519;523;5855232856;26 aug. 2021 09:14:35;Wandeling;928;1.02;604;38.40000153;11.5;105.0879898;15.65999985;4.090000153;319.0;0.0339;303.0
520;524;5862111207;27 aug. 2021 15:27:11;Hardloopsessie;2397;7.08;2389;73.0;24.89999962;162.0062866;17.56999969;4.75;349.0;0.033500001;321.1000061
521;525;5867489585;28 aug. 2021 12:24:58;Wandeling;11105;10.31;7632;335.3999939;49.5;112.2566299;17.32999992;4.619999886;4.0;0.073799998;327.7999878
522;526;5870483594;29 aug. 2021 08:41:28;Hardloopsessie;1630;5.57;1612;73.0;50.0;173.9894409;13.07999992;3.869999886;354.0;0.0;321.7999878
523;527;5886697071;1 sep. 2021 07:56:53;Hardloopsessie;4091;12.15;4045;77.09999847;48.5;162.1331024;13.10000038;1.549999952;344.0;0.0;307.2999878
524;528;5899019884;3 sep. 2021 13:59:37;Fietsrit;4523;35.17;4479;128.1999969;21.0;143.2423096;23.59000015;3.549999952;58.0;0.0;289.8999939
525;529;5904181781;4 sep. 2021 13:30:12;Hardloopsessie;2218;6.09;2218;19.20000076;16.89999962;147.8244629;23.69000053;3.690000057;55.0;0.0;288.0
526;530;5909929156;5 sep. 2021 10:34:02;Fietsrit;9151;70.22;8941;322.2000122;23.5;147.523941;20.52000046;2.150000095;70.0;0.0;292.8999939
527;531;5921421531;7 sep. 2021 14:19:47;Hardloopsessie;3620;9.77;3573;61.90000153;19.20000076;165.6694794;25.93000031;2.819999933;66.0;0.0;278.5
528;532;5930925747;9 sep. 2021 08:49:52;Hardloopsessie;2664;7.21;2654;33.0;20.0;144.6405487;20.45000076;4.070000172;218.0;0.0138;293.8999939
529;533;5948644340;12 sep. 2021 11:11:33;Hardloopsessie;6499;11.05;4635;194.2977142;40.0;;18.76000023;3.019999981;278.0;0.0;289.0
530;534;5958555225;14 sep. 2021 10:11:51;Fietsrit;8772;70.8;8699;292.0;40.0;153.9029541;21.28000069;2.309999943;136.0;0.0;285.2999878
531;535;5963803132;15 sep. 2021 10:32:19;Hardloopsessie;3985;11.2;3985;11.10000038;17.10000038;157.6655731;18.77000046;2.25999999;223.0;0.534399986;279.7000122
532;536;5975244861;17 sep. 2021 13:26:11;Fietsrit;9250;65.72;8917;190.8000031;23.39999962;141.8539276;21.23999977;2.019999981;152.0;0.0072;279.3999939
533;537;5985492922;19 sep. 2021 12:01:02;Hardloopsessie;3228;10.2;3228;120.9000015;29.79999924;173.0523834;20.92000008;3.539999962;83.0;0.006;287.2999878
534;538;5996731711;21 sep. 2021 14:23:50;Fietsrit;7159;57.0;7098;168.3999939;28.20000076;144.9902191;18.60000038;2.549999952;49.0;0.0;281.2999878
535;539;6005009075;23 sep. 2021 06:04:25;Hardloopsessie;3350;9.2;3333;9.100000381;11.0;146.1276245;9.020000458;3.720000029;220.0;0.0;280.7000122
536;540;6021829477;26 sep. 2021 08:27:46;Fietsrit;11228;90.91;11192;367.0;23.29999924;155.923111;18.29000092;3.559999943;202.0;0.0;281.6000061
537;541;6031504392;28 sep. 2021 08:41:30;Hardloopsessie;3649;10.57;3637;58.70000076;20.60000038;152.5085602;12.77999973;2.680000067;214.0;0.0;285.5
538;542;6048879258;1 okt. 2021 17:42:44;Zwemmen;3865;2.125;3865;0.0;0.0;130.3987122;;;;;
539;543;6051012146;2 okt. 2021 08:10:44;Wandeling;4952;6.18;3851;20.79999924;23.10000038;89.01633453;12.80000019;4.130000114;188.0;0.0;309.3999939
540;544;6057383356;3 okt. 2021 11:01:57;Fietsrit;5459;0.0;5459;0.0;0.0;158.6721039;;;;;
541;545;6061723291;4 okt. 2021 09:58:06;Zwemmen;3816;2.5;3816;0.0;0.0;131.4195557;;;;;
542;546;6065389910;5 okt. 2021 04:30:02;Fietsrit;1805;0.0;1805;0.0;0.0;124.4764557;;;;;
543;547;6081559687;8 okt. 2021 10:02:37;Zwemmen;3660;2.3;3660;0.0;0.0;136.5267792;;;;;
544;548;6085480494;9 okt. 2021 07:52:47;Fietsrit;2704;0.0;2704;0.0;0.0;122.7518463;;;;;
545;549;6091383347;10 okt. 2021 09:27:48;Hardloopsessie;2826;10.61;2813;39.70000076;11.19999981;183.8189545;9.739999771;1.24000001;197.0;0.0;262.7999878
546;550;6096722215;11 okt. 2021 10:08:35;Zwemmen;3779;2.125;3779;0.0;0.0;131.0537109;;;;;
547;553;6126233349;17 okt. 2021 10:50:32;Fietsrit;1807;0.0;1807;0.0;0.0;144.2767029;;;;;
548;554;6130904786;18 okt. 2021 10:03:30;Zwemmen;3672;2.1;3672;0.0;0.0;132.561554;;;;;
549;555;6137470494;19 okt. 2021 18:06:09;Hardloopsessie;2036;6.09;2036;16.15500069;20.63520622;153.8384094;16.88999939;5.989999771;199.0;0.0;257.6000061
550;557;6154789138;23 okt. 2021 12:21:45;Fietsrit;5991;48.12;5841;143.4089966;29.02857208;153.3802185;12.92000008;2.619999886;217.0;0.0;273.7000122
551;560;6177184905;28 okt. 2021 06:01:32;Fietsrit;2268;16.42;2245;41.90999985;13.17188644;142.3916626;7.46999979;2.890000105;172.0;0.0;244.0
552;561;6177838603;28 okt. 2021 08:06:24;Fietsrit;2031;16.49;2031;33.98600006;14.40540504;143.5736847;9.81000042;3.029999971;176.0;0.0;245.8999939
553;563;6191584589;31 okt. 2021 09:27:55;Fietsrit;7314;61.01;7217;204.2200012;19.81999969;154.2749939;12.59000015;5.269999981;175.0;0.031800002;292.0
554;564;6197352451;1 nov. 2021 12:32:23;Fietsrit;10717;84.03;10629;229.0;27.41512299;146.4467621;11.64999962;8.180000305;214.0;0.0111;325.2000122
555;566;6219057534;6 nov. 2021 11:02:22;Fietsrit;4461;35.14;4379;104.0;15.85842419;150.962616;8.409999847;4.880000114;215.0;0.0;268.3999939
